1.0,5.464297491908335,-9.94861665794717,-4.9416403733421586,7.311584253985659,-8.828125190575372,-0.02296705088039893,0.04659889077273653
1.0,5.517007686281444,-9.95491136654773,-4.900809485446899,7.338550069677705,-8.860258599521758,-0.022944448942508584,0.046949119722451416
1.0,5.535099983560616,-9.957138034276644,-4.886817633671992,7.3477762952904655,-8.871275074473747,-0.02293786402965697,0.04701742403084385
1.0,5.538798333813069,-9.95762417687217,-4.883974543808828,7.349638722584548,-8.873518894295563,-0.02294094007102688,0.04699612957040205
1.0,5.544887038776345,-9.958410647974949,-4.87928871378867,7.352712568238249,-8.877223105318922,-0.022944123926831473,0.04697845008102697
1.0,5.549685272919643,-9.959051543049869,-4.8756066940216325,7.3551242528304215,-8.880135530876457,-0.022943441871433802,0.046948427272657994
1.0,5.552235952372703,-9.959437487192124,-4.873658288018349,7.356414502207773,-8.881668381221168,-0.02294783094985672,0.046902479009769654
1.0,5.557628353443975,-9.960159548965006,-4.869509996450013,7.359163263738698,-8.88493594986107,-0.022951040433429437,0.04687550188753122
1.0,5.5592874418596585,-9.960430851113296,-4.868249796680174,7.359997455574864,-8.885927871203496,-0.022952590189442255,0.0468320906873696
1.0,5.563733702186974,-9.961009222777493,-4.864836186814658,7.362234487785914,-8.888627490657411,-0.022955378950839843,0.046813670869844164
1.0,5.565143152186673,-9.961233960153013,-4.863760232733042,7.362950109156495,-8.88947220089603,-0.02296149193439013,0.04677538413424585
1.0,5.565340896317361,-9.961303164788308,-4.8636386270821905,7.363013209889396,-8.889584336298723,-0.022962926111650933,0.04673322808320672
1.0,5.568339913918272,-9.961727368186502,-4.86135163593334,7.364500704956834,-8.891396449500363,-0.02296968765942286,0.04668614270304503
1.0,5.573957147419656,-9.962446953982317,-4.857018627913032,7.367360479301112,-8.894808692773672,-0.022973858055482896,0.04668252908462723
1.0,5.576979035382116,-9.962877539320237,-4.8547058029221475,7.368896648436267,-8.896628490464849,-0.02298228726636427,0.04664386390282364
1.0,5.579635124219852,-9.963256781039135,-4.852667428437708,7.37024493538092,-8.898232310871075,-0.022984559695018825,0.04661366998613713
1.0,5.5839745877312,-9.963836866549046,-4.849338186376599,7.372429724255352,-8.900866624857807,-0.02297828884515846,0.04658714073726577
1.0,5.587792138952148,-9.96436369434555,-4.846403823718345,7.374367340098655,-8.90317505455273,-0.02298460575198772,0.046554382320643156
1.0,5.589123901056056,-9.964593908753562,-4.845398587126314,7.375023049307658,-8.903970813332831,-0.02298654639370042,0.04650610088270904
1.0,5.589828314657644,-9.964726610815358,-4.844882962456202,7.3753420531064755,-8.904392895753324,-0.022990118722024968,0.04645902968000749
1.0,5.593614261949539,-9.96522979026777,-4.841966853554599,7.37725923882228,-8.906691307234887,-0.022993386154440486,0.04644039899974168
1.0,5.597237510239369,-9.965714491487786,-4.83918117896268,7.379101909860047,-8.908883756318307,-0.022998462587429772,0.04642256924685025
1.0,5.599175850046119,-9.965995363395166,-4.837703903544716,7.380070036757275,-8.910051109219859,-0.023005279431372535,0.04638935136249601
1.0,5.600360131285796,-9.966178428566392,-4.836797335832455,7.380674060009848,-8.910762796530026,-0.023015093984574624,0.04636023294752812
1.0,5.602257579773097,-9.966426920019764,-4.8353364382748545,7.381637033912693,-8.911915039699284,-0.023020895677991426,0.04634969232064163
1.0,5.6065401481612405,-9.966978425458878,-4.832043839499585,7.383802739558311,-8.914514184481664,-0.023024219716229276,0.04633837628268061
1.0,5.605238404618937,-9.966872053347359,-4.833070176279884,7.383129428900412,-8.913703049527076,-0.0230324244523297,0.04628790553531646
1.0,5.611060902708172,-9.967590158842464,-4.8285750501526,7.38608404654147,-8.917248792972376,-0.023036028969193444,0.04629700185505894
1.0,5.612452745972981,-9.967813473033123,-4.827520400078487,7.38677777500129,-8.91808212744824,-0.0230395221189313,0.04625884117478963
1.0,5.614081923783619,-9.968036114187553,-4.826267577365294,7.387599080753859,-8.919070976107008,-0.02304893492685277,0.04623961966947824
1.0,5.615801395813605,-9.968265388291611,-4.824950150485159,7.388463503162056,-8.920112803603528,-0.02305505841883993,0.04622555471100266
1.0,5.61864846421478,-9.968660229669974,-4.8227586417976385,7.38992159156669,-8.921831880304238,-0.023062108742182463,0.046200816268266796
1.0,5.6207149541306665,-9.968973683562698,-4.821174185403087,7.390992123293998,-8.923068416228967,-0.023067412161604323,0.0461706970353253
1.0,5.621272785772716,-9.969051682843649,-4.820745749919918,7.391272815232138,-8.923404440782459,-0.02307352867683711,0.046157998840868984
1.0,5.623505143710333,-9.969331231977133,-4.819021892622387,7.392413579746256,-8.924760448276034,-0.023077446505780197,0.046158644378640055
1.0,5.625125224424096,-9.969538153757302,-4.817777280387807,7.393233398990561,-8.925743129778969,-0.023082635501370043,0.04615391351773439
1.0,5.625284593894607,-9.9695968200135,-4.817670159411817,7.3932925852106,-8.925834706544398,-0.023088140494506543,0.04611682251879551
1.0,5.627462341924233,-9.96986596195793,-4.815990303116663,7.394393901546941,-8.9271623502252,-0.023088248952991528,0.046120332376486384
1.0,5.629264617408568,-9.970112017268121,-4.814604981880931,7.395307291450773,-8.92825120599084,-0.023089736313564587,0.046107191228966525
1.0,5.630410220184737,-9.970262845198828,-4.813731729930177,7.395879110048221,-8.92894375387344,-0.023097539656304428,0.0460924672800477
1.0,5.63000143213044,-9.970224242083596,-4.814056126790593,7.395663932459064,-8.928691050840973,-0.023100291724066357,0.04607826302915905
1.0,5.633258357595802,-9.970636229827885,-4.811547829584204,7.397309669216966,-8.93066954613637,-0.023110124472837987,0.046069100600023054
1.0,5.635879162297715,-9.970984415787173,-4.809534257668586,7.398625644957725,-8.93226198344814,-0.023114581666488762,0.046049899937434045
1.0,5.637534459120185,-9.971206113518054,-4.808261943229448,7.399464139434179,-8.93326478268653,-0.02312079618366927,0.04603678747223127
1.0,5.639428986498584,-9.97147061364061,-4.806814305242101,7.40041392282945,-8.934412979739951,-0.023121554049989303,0.046014082561160685
1.0,5.6402933290862585,-9.971590398759059,-4.806151021400181,7.400850114115586,-8.934937228736322,-0.023130397099222072,0.04599727364403366
1.0,5.643024950043444,-9.971935612520554,-4.804034943602659,7.402244557599502,-8.936595924944145,-0.023142831693463692,0.04599371014694164
1.0,5.642710376571801,-9.971900125663533,-4.804275982087753,7.4020882353617825,-8.936400372864904,-0.023153749940604235,0.045984473892987945
1.0,5.644884897957128,-9.972161886037192,-4.802599999778482,7.403190070277675,-8.937724380210224,-0.023162466849971676,0.04598509569995524
1.0,5.644463063885695,-9.972126316171025,-4.802924248257133,7.402981384385836,-8.93746534714353,-0.023174210694357378,0.04596637005000364
1.0,5.645944401734872,-9.972301323156492,-4.80178134231272,7.403721470839824,-8.93837231658207,-0.02317893854158421,0.045968072299769965
1.0,5.645400768265543,-9.972246237539911,-4.80221746292702,7.403411360142177,-8.938042823817275,-0.023180871531387013,0.045941801612832525
1.0,5.647986213660121,-9.972568910621291,-4.800218560068737,7.404727947713769,-8.939615045930957,-0.02318651292839234,0.045940446925820916
1.0,5.649792593074119,-9.97281295526573,-4.7988311328447635,7.405640689633638,-8.940709037400786,-0.023195858627973635,0.04592413320057119
1.0,5.6503583058633655,-9.972886792715114,-4.798398505415766,7.405929406766666,-8.9410462298465,-0.023201505737424657,0.04591727440401952
1.0,5.649218157814111,-9.972744410807845,-4.799289495729386,7.405326767287961,-8.940351812244515,-0.023209649318499004,0.04590136722820565
1.0,5.651654676692357,-9.973050874201606,-4.797404762161052,7.406561527653846,-8.941832228957583,-0.023208907010982847,0.04590000028464377
1.0,5.650946907611763,-9.972981143487115,-4.7979692352895915,7.406173631116678,-8.941396848613149,-0.02321015765755637,0.04587305437235363
1.0,5.653151957731041,-9.973248185316304,-4.796280057556638,7.407273282270087,-8.942740839818203,-0.02321152514467631,0.045871966949827085
1.0,5.655361224554489,-9.973516571179553,-4.794568094136305,7.40841360171266,-8.944080623949711,-0.023217555098396663,0.04588013706714837
1.0,5.654356357727825,-9.973415461291076,-4.795354499278521,7.407881192374069,-8.943467127341965,-0.023224760741057417,0.04584962954384632
1.0,5.6554286953268535,-9.973548643424662,-4.794522654649334,7.408443121656791,-8.944118270296945,-0.02323195211553685,0.04584860778416078
1.0,5.657860552565817,-9.973857933152662,-4.792643535549216,7.409682340161898,-8.945597022644236,-0.023241027665959618,0.045842190346824456
1.0,5.656826878571582,-9.97373597587683,-4.793449665412999,7.40914534615025,-8.94496449403922,-0.023244198879214473,0.045829255539281556
1.0,5.657950819843917,-9.97386660989738,-4.792583475224067,7.409717815643117,-8.945648136995516,-0.02324784438321986,0.04583150165245348
1.0,5.659672258799147,-9.974083778256968,-4.791259134360022,7.410586547905595,-8.946695500635018,-0.023243975746600285,0.04583447603686513
1.0,5.659474931600494,-9.974064179842182,-4.791415061608631,7.410478885653451,-8.946574823443866,-0.02325163753891601,0.04582200921496508
1.0,5.659843025996095,-9.974126215494307,-4.791140350949067,7.410648309704251,-8.946799220430115,-0.023257847462578637,0.04579954414677313
1.0,5.661986755344245,-9.974391800667075,-4.789488224659654,7.411733438868235,-8.948105253234992,-0.023264729375526885,0.045798056492802934
1.0,5.664758475801678,-9.974719483665018,-4.787353176725819,7.413116077375948,-8.949799466404247,-0.023268549718052502,0.0457985073526675
1.0,5.6652380269248335,-9.97479064559531,-4.786988450708879,7.413356353290007,-8.950084290250421,-0.023276360436991977,0.04578560399097282
1.0,5.66380704293071,-9.974629883574336,-4.7881041684416035,7.412618534080507,-8.94920863444075,-0.02328468603992924,0.045762346280992995
1.0,5.663613951386266,-9.97457951240064,-4.7882417286915215,7.412527341003088,-8.949097885007824,-0.02329322398804956,0.04577538050405759
1.0,5.662656835972717,-9.974471597143248,-4.788992199036882,7.4120318997101196,-8.94851227089102,-0.023295909265895892,0.045759052658017406
1.0,5.662907792793681,-9.97448908464702,-4.788799143772913,7.412156516506305,-8.948665052612983,-0.023305130606295403,0.04576194834245211
1.0,5.663827401010418,-9.974606479715288,-4.788094340495373,7.412618769970304,-8.949222510110049,-0.023310894170590495,0.04575145682721993
1.0,5.663437182690463,-9.974541293597134,-4.788403407232315,7.412391150809056,-8.948991011322683,-0.023311904702417972,0.04574651279799021
1.0,5.666876647510512,-9.974973089649941,-4.785745390970046,7.414144751723282,-8.951083288094349,-0.023315677111234043,0.04575068980666177
1.0,5.668678867127129,-9.975212736534713,-4.784361957699959,7.415061566745578,-8.952175044875544,-0.02332085975802108,0.045741341724654376
1.0,5.668205949301465,-9.975182446631383,-4.784738890925054,7.414821980361506,-8.951876469146898,-0.02332555190021792,0.04571659561776481
1.0,5.667234960675364,-9.97504477194153,-4.785487738327215,7.414315000177811,-8.951292084273776,-0.023336876930176425,0.045712535890165634
1.0,5.667337879535863,-9.975060799703808,-4.785415292636222,7.414360232750332,-8.951351028030695,-0.023345253671688795,0.0457023989049802
1.0,5.670729325770178,-9.975474790755804,-4.78279127095678,7.416091645115236,-8.953417903247495,-0.02334305141918623,0.045718362577970705
1.0,5.6706264261439205,-9.975463161315602,-4.7828725805022065,7.416013022468129,-8.95335992006205,-0.023342917280099282,0.04570710544674732
1.0,5.672514140677799,-9.975710415212305,-4.781410456720562,7.416994948890415,-8.95449999890982,-0.023348782785660105,0.04570728650237929
1.0,5.673093870090287,-9.97578773268253,-4.780969279425122,7.4172817613766835,-8.954852456754598,-0.02335376458632614,0.045695663846804145
1.0,5.67333618552587,-9.975797886227413,-4.780782114079414,7.417397321655845,-8.955006756018465,-0.023362668377314807,0.04569733102200536
1.0,5.672730837214306,-9.975727367111281,-4.781266410474984,7.417061598779591,-8.954636998915875,-0.02336667931490424,0.0456808579236169
1.0,5.674227496180514,-9.975913818024932,-4.7801011962828275,7.417836390578234,-8.955546443802994,-0.0233690944584554,0.045684985458727165
1.0,5.674647939183951,-9.975966752447883,-4.779776075100214,7.418046404506553,-8.95580319974512,-0.023372062857859532,0.045681567173606295
1.0,5.672967024633912,-9.975768964383322,-4.781076650471337,7.4171922488437,-8.954776107179548,-0.02338139266556012,0.04566208390741609
1.0,5.672005405013374,-9.975643387425313,-4.7818201238700455,7.4166945044489685,-8.954192924066339,-0.023391459355272124,0.04565360324413243
1.0,5.673321910108035,-9.975776241385839,-4.780795189489312,7.417358692221104,-8.955002131568754,-0.023398617466553112,0.04566808500096287
1.0,5.673238663721988,-9.97575757325399,-4.780867288092255,7.417295446026975,-8.954957177537258,-0.023401706248268078,0.045663982109134686
1.0,5.671843426027083,-9.975562781697633,-4.781942056589727,7.416580152415835,-8.954111686008272,-0.02340986912291425,0.04566610553115669
1.0,5.673068384852164,-9.975737006051695,-4.781006793400585,7.417204946487091,-8.954846286113263,-0.023415119737941203,0.04565031680908792
1.0,5.6751014853023545,-9.975974240169565,-4.779434882708056,7.418246075216507,-8.956080971944013,-0.023425552698724462,0.04565993049964569
1.0,5.671570252331074,-9.975537234826252,-4.782166178737218,7.416435248753747,-8.95393320718747,-0.023433672281201277,0.04563726052638537
1.0,5.67468476995322,-9.975928829020507,-4.779759966684827,7.418025505343336,-8.955824073839139,-0.023434352091011947,0.04563962386923426
1.0,5.675472042724759,-9.976003424236938,-4.779150863121764,7.418410729403294,-8.956311896263431,-0.023441583949225776,0.04564307321247426
1.0,5.676019029835166,-9.976052267425864,-4.7787296242401585,7.418670612084078,-8.956650817306203,-0.023452170683644392,0.04564320798147785
1.0,5.674794613588031,-9.975906291421007,-4.779681158295621,7.418044239459989,-8.955904426182355,-0.02346312888946904,0.04562672986718515
1.0,5.675610098705307,-9.975995261093301,-4.779047949885272,7.418457481622068,-8.956406353003501,-0.023472591455874974,0.04562676742425374
1.0,5.6765050588870265,-9.976102946039122,-4.778360131153771,7.418892935639779,-8.956954437847097,-0.02347745126984585,0.04562269071687441
1.0,5.675333219736472,-9.97596895479227,-4.779268293363113,7.418302932570885,-8.956235134325489,-0.02348658174819291,0.04560753601617328
1.0,5.678001828027787,-9.976278420954156,-4.777214687731468,7.41964171375098,-8.957864581898514,-0.023490834525290907,0.04561946846029394
1.0,5.679855124823406,-9.976510959221022,-4.775787793691925,7.420579105467265,-8.95899172826755,-0.023492521388576656,0.04561978872870424
1.0,5.677959447257946,-9.976270537416296,-4.777249102635199,7.419616424760486,-8.957839046853751,-0.023498451074878253,0.04561038318898786
1.0,5.676270236058967,-9.97604754660799,-4.778562059956046,7.4187373443702995,-8.956812776610722,-0.023507912187665028,0.045603873604292806
1.0,5.675215550176381,-9.975939879018018,-4.779385960328565,7.4181952217358615,-8.956162344737868,-0.02351794333630254,0.04557708632251104
1.0,5.677259363473312,-9.976171582306353,-4.777802940139968,7.419230341330249,-8.957413089602127,-0.023525054346750417,0.04559208592311803
1.0,5.677406287263808,-9.976181980866901,-4.777694312699324,7.419291265516779,-8.957503492822363,-0.02353379591363224,0.04558707665774254
1.0,5.676942861520726,-9.976111068015975,-4.778043407781219,7.419059618184878,-8.957223441001387,-0.02354083955173884,0.04558945903937299
1.0,5.675913254671492,-9.975957517146227,-4.778826332465294,7.41854744859892,-8.95660141759157,-0.023553209319429395,0.04559465437733595
1.0,5.675568861997246,-9.975910929365634,-4.779090724917934,7.418371035214894,-8.956395835331332,-0.023556053635218312,0.0455901230682978
1.0,5.6751585723083355,-9.975849186131185,-4.779406843183947,7.418145355181367,-8.956153563964133,-0.02356178927979773,0.045587148357181646
1.0,5.677223482279169,-9.976092171980564,-4.777816890843179,7.419192825310862,-8.957412139165298,-0.023567725154262965,0.04559309850041874
1.0,5.675185397874964,-9.975828628556275,-4.779391252210077,7.418130119622973,-8.956180328356234,-0.023581029081764942,0.045578728228064844
1.0,5.672885481565024,-9.975542617361215,-4.781174419421308,7.416946627234273,-8.95478154489262,-0.023587603253547085,0.04556401080384476
1.0,5.675896723247786,-9.975905865741044,-4.778843862834077,7.418491896589806,-8.956615372049768,-0.02358718925999881,0.04557816991127244
1.0,5.6753635971486425,-9.975861487487776,-4.779266555253537,7.418220778335383,-8.956280550389472,-0.023590906095526647,0.045561288226393826
1.0,5.677332157027842,-9.976048241594112,-4.777729266471329,7.419207590913988,-8.957497603575062,-0.023593937364244328,0.045597338037465934
1.0,5.675716848270408,-9.975834301316318,-4.778974399897817,7.418371258378201,-8.956523342103731,-0.02359885609891699,0.04558868443059619
1.0,5.674045744199358,-9.975635448739476,-4.780271749166522,7.41751381608531,-8.955503328777638,-0.023609527228755593,0.04556823864991522
1.0,5.674535855557231,-9.975717688483266,-4.779897259392762,7.417758608091537,-8.95579932101093,-0.023611726043007472,0.045549661967339075
1.0,5.676772954872719,-9.975981880922319,-4.778163042642933,7.418891411505836,-8.957168546874342,-0.02361019482628199,0.045562197878889536
1.0,5.676283316437624,-9.975927148912167,-4.778553448157549,7.418627786905108,-8.956869046789384,-0.02361401396861571,0.04554738238223271
1.0,5.6771441525439,-9.976040944759898,-4.777885717548602,7.419080086002012,-8.957388530195551,-0.023623136416660622,0.04554264454037273
1.0,5.679495451335136,-9.976328738711373,-4.776071635169439,7.420281144390276,-8.958817722418335,-0.02362342481862954,0.045549381582209204
1.0,5.680506376418456,-9.976455221050752,-4.775295110056792,7.4207976536206495,-8.959426463411692,-0.023629600007200827,0.045546562024236244
1.0,5.679400354653824,-9.976344873028207,-4.77616509800478,7.420221276230844,-8.958746369458984,-0.023630281610855206,0.04551607447640318
1.0,5.681372931538554,-9.976582649169908,-4.774633127451453,7.421240696475602,-8.959947541705498,-0.023630699208573743,0.045530567070344204
1.0,5.681826464624266,-9.976618329628996,-4.774275308221653,7.421463384734292,-8.960233073884822,-0.023635852869500453,0.045535843184749826
1.0,5.682542029286521,-9.976703425859217,-4.773727240232078,7.421816013701266,-8.960670652215535,-0.023636041068755796,0.045534048186386095
1.0,5.682644924533132,-9.976709671909212,-4.773642192008032,7.421864720184788,-8.960738227795916,-0.02364143697249482,0.045534714054351756
1.0,5.682834645877103,-9.97671843663224,-4.773499908875776,7.4219396310029335,-8.960857198656907,-0.023647089156328856,0.04553042300781899
1.0,5.680104323817093,-9.976372829490284,-4.775607567948195,7.420537120227272,-8.959200249104791,-0.02365253293685404,0.04552322919254956
1.0,5.6810103666651335,-9.97648047674687,-4.774911809532964,7.420994588210145,-8.959752547284609,-0.023657403210207668,0.04552329799383862
1.0,5.680320349525872,-9.976375584417683,-4.775443919594025,7.420637802666024,-8.959336114761847,-0.023663500887969518,0.04552499090468694
1.0,5.678840344195912,-9.976179689919872,-4.776579399728426,7.419888446519148,-8.958438774105312,-0.02367251192227999,0.045526945270240454
1.0,5.679103952573553,-9.976196772128354,-4.776376927279043,7.420008408253516,-8.95860481671941,-0.023674651090394933,0.045526949031749434
1.0,5.678746619154986,-9.976150889168991,-4.77665295658198,7.419820266556153,-8.958390457184024,-0.02367931197775788,0.045522502256160245
1.0,5.681522185303685,-9.976495961111242,-4.774517052676713,7.421216103255937,-8.960081966483044,-0.02367725028562958,0.04552512008285932
1.0,5.6821164040935175,-9.976571710742844,-4.77406543158323,7.421506878290409,-8.960441522457762,-0.02367859600589333,0.04552035072799893
1.0,5.680891836604969,-9.976412384992496,-4.775016830995111,7.420873205884005,-8.959698471270906,-0.02368635518022017,0.04551166459630753
1.0,5.680737535062384,-9.976392414911125,-4.775136454300875,7.420790731578295,-8.959603411780627,-0.023693868069357794,0.04550376473928774
1.0,5.681934099283757,-9.976540224082374,-4.774210000304273,7.421395701493988,-8.960330431212235,-0.02370510013162347,0.0454992716411222
1.0,5.681799889125299,-9.976523397374732,-4.7743060834747055,7.421343361609491,-8.960247360908191,-0.023712681154167175,0.045498270222696736
1.0,5.6800305268375,-9.976290268758753,-4.775678249944212,7.420427668995871,-8.95917185881497,-0.02372307686179737,0.0454899828551677
1.0,5.680141467522643,-9.976252169584571,-4.7755853346479205,7.420464296716804,-8.959255111655315,-0.02372971505977291,0.04550896433020234
1.0,5.677979432688378,-9.97597019723705,-4.777257818551236,7.4193474186361685,-8.957941069672271,-0.023736687103491444,0.04550125222744408
1.0,5.6818988387197304,-9.976466729091474,-4.774226471760209,7.421362325853594,-8.960318517911784,-0.023739042626636828,0.045508597279515034
1.0,5.679276395131293,-9.976136768830438,-4.776253612960266,7.420026125146705,-8.958720703732983,-0.023753412546691572,0.04549316108760303
1.0,5.6788227302909835,-9.976068823539714,-4.776597128643446,7.419811349088819,-8.958442927231486,-0.023763141263611266,0.04549816940234126
1.0,5.678035008574274,-9.975970297117494,-4.777206078890219,7.4193985107849425,-8.957966759411441,-0.023767941544018012,0.04548743367221192
1.0,5.678593198343577,-9.976043651534845,-4.776770477202356,7.419692615285745,-8.95830514787137,-0.02377245389710278,0.04548609726544957
1.0,5.680390590756332,-9.976243005106971,-4.7753818526462135,7.420604241008891,-8.959400798651602,-0.023778025037064655,0.045499250761974995
1.0,5.679501565644281,-9.976126475731338,-4.776069932521397,7.420137442932424,-8.958862477047761,-0.023783354939444584,0.0454894750046093
1.0,5.677898389828179,-9.975926209222854,-4.777309658588768,7.419327124843293,-8.957880874575473,-0.0237932470560501,0.045481662484827386
1.0,5.678639120092221,-9.975996377512455,-4.776737202483674,7.4197001938810905,-8.95833314233341,-0.023797466559059198,0.04549523534838338
1.0,5.678248122783612,-9.975949600002494,-4.777036898396666,7.41950085898466,-8.958093299677987,-0.02380239899523111,0.04549259306873822
1.0,5.678518407608446,-9.975966471161684,-4.776826555938236,7.419643657235421,-8.958259221688868,-0.023807228748363846,0.045499294988856805
1.0,5.678489686141533,-9.975949333435606,-4.7768537168586125,7.419617302526509,-8.958242996511963,-0.023813726173165944,0.04549904859054898
1.0,5.676941894591501,-9.975740058936047,-4.778054554841837,7.4188146331981395,-8.957306752221594,-0.023818794089775146,0.04549722185975802
1.0,5.676756231030028,-9.975717716706257,-4.778197846749116,7.418722903998891,-8.957191521595366,-0.023827572732247296,0.045491779508779674
1.0,5.674383328987136,-9.975398246206693,-4.780032420391517,7.41750032292627,-8.95575179488564,-0.02383293246959409,0.04549070815566978
1.0,5.674877735968433,-9.975458194574053,-4.779652697925344,7.4177521385319265,-8.956051180925435,-0.023832863916153232,0.04548820054777515
1.0,5.676840890032162,-9.975673157432354,-4.778131904355188,7.418747791378913,-8.957254540889545,-0.02383561925429639,0.04550550831807627
1.0,5.6765587858740645,-9.975633237653605,-4.778361089123997,7.418577375754055,-8.957084327579949,-0.023841140561031902,0.045492856257790606
1.0,5.675018938081077,-9.975444378657505,-4.779554695401216,7.417786150662748,-8.956146692053435,-0.023846864686656997,0.04547907794044111
1.0,5.677393296157438,-9.975729697101855,-4.777722512271085,7.418985189869711,-8.957594787579582,-0.0238465827845987,0.04548488997507283
1.0,5.675812853894423,-9.975539219183432,-4.778945447392988,7.418175905965465,-8.956630291121433,-0.023848953480810075,0.045471622871814506
1.0,5.67730039534383,-9.975696346159118,-4.77778009416981,7.418952073283507,-8.957541150448057,-0.02385746607303988,0.04549168273334144
1.0,5.676454141105403,-9.97557712073059,-4.7784336070499025,7.418506102458787,-8.95703108217523,-0.023856528776691362,0.04549139702828781
1.0,5.677640892454299,-9.97571673982899,-4.777513638810662,7.419119484900871,-8.95775624816853,-0.023857038975914277,0.045497043250223745
1.0,5.675786869495858,-9.975474288385,-4.77895051676093,7.418161009145634,-8.956631416135497,-0.023865932228378264,0.045484979907051803
1.0,5.6750095825094125,-9.975374172246939,-4.77955110639661,7.417764830895132,-8.956154083001245,-0.023877152572090322,0.04547799238533913
1.0,5.675767727939502,-9.975459348248917,-4.778967773656373,7.418140198499504,-8.956616491352941,-0.023882149922566008,0.04547661213006522
1.0,5.675797351694518,-9.975472581045686,-4.7789399042235425,7.418182704611273,-8.956625592197085,-0.023889116767224893,0.04547237658692767
1.0,5.676564295568207,-9.975569065677965,-4.778348466790999,7.418579822925446,-8.957090402375007,-0.023891356493444357,0.04547053595407418
1.0,5.6776121200956995,-9.975674185143903,-4.777530592170662,7.419110994515063,-8.957736991596466,-0.023891661632951405,0.045487380396737456
1.0,5.675941323187671,-9.975455808487922,-4.778830800551146,7.418233497130194,-8.956724769159996,-0.023894878082128233,0.0454780627290688
1.0,5.675170520295786,-9.975359593511445,-4.779424556470619,7.417841153464651,-8.956254347316214,-0.023906237153334862,0.045468127086268316
1.0,5.6774598325887276,-9.975626689800485,-4.777655464330938,7.419008122659797,-8.957648720346311,-0.023913946250603762,0.04547983943860094
1.0,5.677082109074787,-9.975592678907098,-4.777950819259966,7.41880882660069,-8.95741799536949,-0.02391914670165741,0.04546116487589949
1.0,5.678390199530162,-9.975737820198981,-4.7769332108710225,7.419479487702525,-8.958220397485125,-0.023926305818873096,0.04547228459162759
1.0,5.678389840302719,-9.97573462715076,-4.776937789123608,7.419471292393278,-8.958222735733449,-0.023932774256368,0.0454659214880918
1.0,5.678636840273133,-9.975767635013698,-4.776752356000832,7.419577116303736,-8.958375191407699,-0.023938320315580363,0.04545441256043295
1.0,5.675390635642575,-9.97535813930188,-4.779267165675585,7.417910352020734,-8.956398064337453,-0.02394665625570678,0.04544164062606168
1.0,5.675747295421067,-9.975408467879227,-4.77898358384299,7.418117983669388,-8.95661112913537,-0.02395883525107247,0.04543656004853946
1.0,5.675687671832403,-9.975391021676952,-4.779028327208098,7.418077547188864,-8.956577971771344,-0.023962848133147873,0.04543824105663003
1.0,5.6762625596503495,-9.975437278129558,-4.778581794165294,7.4183698660127195,-8.956932920487471,-0.02396881318469028,0.045449721953427114
1.0,5.675744215848692,-9.975396987650054,-4.778985906575199,7.418104445933944,-8.956611981233115,-0.023976408766205323,0.045424228264797625
1.0,5.677302322699758,-9.975569531964176,-4.777775362699378,7.418909731936303,-8.957561101479211,-0.023984104490222435,0.04543801128887051
1.0,5.679962169972624,-9.975893620997107,-4.775724727276643,7.420249795000411,-8.959181514424754,-0.02399053057872658,0.045440965115231435
1.0,5.682280437788551,-9.976176103428324,-4.773933637024234,7.421422833925592,-8.960595675620176,-0.023990494314743514,0.04544665547817851
1.0,5.6817914997096075,-9.976119278254373,-4.7743175648013665,7.4211527682751735,-8.960299063068282,-0.02399623630009407,0.04542911262765296
1.0,5.680659416712006,-9.975968919486798,-4.775202146486923,7.420556203182239,-8.959611654389777,-0.024006462749070548,0.04541786406631643
1.0,5.6792552302157135,-9.975785584620683,-4.776277697255156,7.419859201112897,-8.958757274607049,-0.02402385576474743,0.04541560447853092
1.0,5.679418806244706,-9.975782576398545,-4.776149276899351,7.419939890766969,-8.958861419839794,-0.024028259707784584,0.04542501158317017
1.0,5.678900512852613,-9.975711806394573,-4.77654501261013,7.419671423782197,-8.958550685285417,-0.024032402875015763,0.045420837487798404
1.0,5.679213088896658,-9.975755891438963,-4.776309982315028,7.419819514391968,-8.958740099712195,-0.02403338764438497,0.04541283580679331
1.0,5.678087124887488,-9.97559345141629,-4.777182202941232,7.419244057556337,-8.958054571026652,-0.02403949681474335,0.04541924691756323
1.0,5.67940759451489,-9.975739019240798,-4.776155245502643,7.419913964748978,-8.958862089284848,-0.024041611532247015,0.04543226408758125
1.0,5.679417933504034,-9.975750491606322,-4.776154607293252,7.419907441240584,-8.958864803228558,-0.024049316237864774,0.04541664205932807
1.0,5.678201099383203,-9.975597253515023,-4.777094812376418,7.419291630773453,-8.958122203912005,-0.024060530877373913,0.04540557626005567
1.0,5.679804761123698,-9.975787053992843,-4.77585482697945,7.420097495967355,-8.959101996076829,-0.024065788744712113,0.045410727464584646
1.0,5.679795122005901,-9.975788913112122,-4.775869166338705,7.420081154669324,-8.959095628381839,-0.024073607392325724,0.04539898767661797
1.0,5.681979489964035,-9.976028038867048,-4.774175501340224,7.421178593755541,-8.960434736656806,-0.0240746547622241,0.04542063018937725
1.0,5.679163451762638,-9.975695953396562,-4.776360147938405,7.419729975779097,-8.958716769455322,-0.02407879969508863,0.04539273155007896
1.0,5.680363383522986,-9.975818832530866,-4.775425020983478,7.42034447509469,-8.95945316018321,-0.02408067685139941,0.04540827032948737
1.0,5.680172990574954,-9.975784784539998,-4.775566535655989,7.420250719183981,-8.959341285631828,-0.02408658322450611,0.04540806775017584
1.0,5.680197477726464,-9.97581495163988,-4.775545738875964,7.4202830873161485,-8.959345849766748,-0.02409579229145682,0.045390046478111436
1.0,5.681291709196573,-9.975951787242272,-4.774705122562897,7.420840895891618,-8.960006861763961,-0.024102447090179304,0.04538804903297742
1.0,5.680770059324395,-9.975836131385798,-4.7751021018951505,7.420551419326434,-8.959704176306888,-0.02411122787001933,0.04540393754610678
1.0,5.67829904776944,-9.975512288303161,-4.777001432922996,7.4193006529495475,-8.958204354639905,-0.02412677598758244,0.045400465774133494
1.0,5.677505266305608,-9.975424173349378,-4.777625564150165,7.41888239659216,-8.957715508071276,-0.024133300664212785,0.04538257219692282
1.0,5.678648806127617,-9.975519844541438,-4.776736406897559,7.419449166695975,-8.958426789634869,-0.02413681280019369,0.04540653005948904
1.0,5.678584182057027,-9.975504871224356,-4.77678698333086,7.419421381303297,-8.958385846189495,-0.02414603880625919,0.045402511136831095
1.0,5.678963612229013,-9.975545403924567,-4.776492104368963,7.4196117363816825,-8.958617674525394,-0.0241471790363471,0.04540478216472083
1.0,5.678767483643019,-9.975511209109213,-4.776643025971802,7.419497149264797,-8.958502062769446,-0.0241557105714435,0.04540020692224073
1.0,5.679004613150862,-9.9755173502956,-4.776457117410363,7.419610894223092,-8.958650917544572,-0.024160748879628227,0.04541094083205342
1.0,5.676455024271211,-9.975209734764036,-4.778424907695878,7.418322183699532,-8.957093627795391,-0.024169738701040454,0.04539475080112022
1.0,5.6782212501407,-9.975426680957625,-4.777061877446391,7.4192294293883,-8.958165638588245,-0.024172384726457073,0.045399479627418395
1.0,5.67804136460589,-9.975404830238208,-4.77720028503229,7.4191407385049395,-8.958051562397438,-0.024177305514450385,0.045395818841327804
1.0,5.6791202074945755,-9.97553379445664,-4.776363553864024,7.419687293333525,-8.958711604330245,-0.024181127140698085,0.045398867957137656
1.0,5.679295011194174,-9.975545745605247,-4.776230903623523,7.419780305816235,-8.958816272542958,-0.02418911379145163,0.045398896731915654
1.0,5.6791163500809665,-9.975505787917848,-4.7763624183966416,7.419688997966502,-8.958712562612304,-0.024191833190093128,0.04540448356393469
1.0,5.679193402807874,-9.975519030641543,-4.776302347202323,7.419725470841666,-8.958759643640374,-0.024197992597758892,0.04539680919121567
1.0,5.678704579335458,-9.975458154139696,-4.776674589326303,7.419479351630363,-8.958462117062886,-0.024202470672209337,0.045393092379980286
1.0,5.679955177289863,-9.97558997597883,-4.7757032806093385,7.4201207185441955,-8.959226019262122,-0.02420740595865926,0.04540494577985137
1.0,5.678244228229793,-9.975372614903494,-4.777030779669132,7.41924175634343,-8.958184528605578,-0.024214494930236835,0.04539520575419797
1.0,5.677238433392936,-9.975239273607254,-4.777810623549555,7.418714412408432,-8.957578833300644,-0.024219167080853747,0.045388152175942977
1.0,5.6771512123821095,-9.975229328929611,-4.777873145434084,7.418680003441308,-8.957525155150067,-0.024224312650617547,0.04538612427251234
1.0,5.678441256291052,-9.975348884811506,-4.776866272953439,7.419325874316544,-8.958321909673243,-0.02423346399600109,0.04540589091878443
1.0,5.675826292788795,-9.975028208672798,-4.778878137707607,7.418016424307693,-8.95672932391863,-0.02424208372590711,0.04539510518478265
1.0,5.676305196492659,-9.975065781527201,-4.778510160704022,7.418246600162982,-8.957027783565028,-0.02424273740670074,0.0454021139747576
1.0,5.674065004726601,-9.974774899870683,-4.780247249640344,7.417087976967777,-8.955667215948806,-0.024249598061348274,0.04539105804942009
1.0,5.673491779632969,-9.974711865579236,-4.780691432741149,7.416801420014466,-8.955315418730883,-0.02425549150821516,0.04538094304557338
1.0,5.674320161788369,-9.974825832791536,-4.780061948248846,7.417213051465132,-8.955816184456012,-0.024261175017887326,0.04537008226553309
1.0,5.676189426637449,-9.975048777696077,-4.778620119493351,7.418145558181,-8.956958986544711,-0.024262073469821437,0.04537214883997558
1.0,5.676831083493185,-9.975123076845023,-4.778134505696488,7.418452195151378,-8.95734944302803,-0.02426934809067686,0.04536347992342393
1.0,5.676526961570619,-9.97506303350962,-4.778357838244928,7.418316083791374,-8.957165575299834,-0.024278192298820937,0.04537358324390109
1.0,5.677018732671521,-9.975111611500104,-4.777978334778844,7.418560515064945,-8.957468061660535,-0.02428099879001432,0.04538015903905784
1.0,5.6783104127168755,-9.975261784384555,-4.77698494106392,7.419215686576059,-8.958251168389344,-0.024283023244457188,0.04538810322110057
1.0,5.677769754427313,-9.975192546730717,-4.777406447732996,7.418921024656794,-8.957927753869349,-0.024284655832786533,0.04537682636344246
1.0,5.676819582377253,-9.975071247739596,-4.778128472261088,7.418444080297316,-8.95735381118745,-0.024295590936356786,0.04537212991022637
1.0,5.677317582613071,-9.975110615917345,-4.7777379059714695,7.418703554967557,-8.957661001631978,-0.02430105409855994,0.04538460611776774
1.0,5.678609664590456,-9.975268487640095,-4.776742046638284,7.419359344248968,-8.958444919743247,-0.024303909434704073,0.04538542550321809
1.0,5.678577372647977,-9.975239331383648,-4.776767524505692,7.4193317960639416,-8.95842650049714,-0.024310939274879675,0.045393601374426794
1.0,5.6775108748621825,-9.975077875603047,-4.7775923020744715,7.418761160281458,-8.95778871220539,-0.024309545025453766,0.04539911381196847
1.0,5.674083979336253,-9.97467246188213,-4.780244388984257,7.417022738270979,-8.955692027888611,-0.02431986901673856,0.045367791908862844
1.0,5.6776932094916726,-9.975112203761169,-4.777463941343076,7.418837802743044,-8.95789366376475,-0.02431114558597907,0.04538075483230159
1.0,5.67843279292344,-9.975219240307785,-4.776903013792387,7.419199020679427,-8.958340428356392,-0.02431490343295693,0.04536375864704946
1.0,5.679035302999503,-9.975288415630839,-4.776439406853571,7.419490283350191,-8.958711667023133,-0.024316914685220983,0.04536199875543859
1.0,5.6791292457118345,-9.975294762248087,-4.776359566852391,7.419545223300525,-8.958767783016937,-0.024322255305735896,0.04536291077291713
1.0,5.682505028635617,-9.975706548326137,-4.773747439515274,7.421263202333537,-8.960822602836206,-0.024324289511104418,0.045371459718158695
1.0,5.679873946218119,-9.975394392209498,-4.775781247915096,7.41992579824375,-8.95921842408277,-0.02433093441801876,0.04534967752949697
1.0,5.680606748010137,-9.97547425682054,-4.775209130867554,7.420306769305982,-8.959665515688364,-0.024335314847884423,0.04535661688839392
1.0,5.680905847922013,-9.975490069604884,-4.774978692980015,7.420445454860792,-8.959852267737325,-0.024341130601159666,0.04536478426697007
1.0,5.6801405125469175,-9.975368863177218,-4.775571838160064,7.4200240861229245,-8.959396525711318,-0.024345035218287,0.045370272062349774
1.0,5.678138134454648,-9.975114221997385,-4.7771179949207765,7.418999675443858,-8.958176302166509,-0.024352720334246156,0.045363365439171695
1.0,5.6780868867563745,-9.97509710447113,-4.777157796020751,7.418975964819257,-8.958142637150177,-0.024357915870666567,0.04536530980365811
1.0,5.680159946320489,-9.975357288482533,-4.7755536520358035,7.420041056654647,-8.959403247258015,-0.024358561466554317,0.04536796219264043
1.0,5.680397410976131,-9.97536785715995,-4.775368400521338,7.420157639909982,-8.95955141271556,-0.024363623520384414,0.04537486675815463
1.0,5.678902732386521,-9.975207745458889,-4.7765241155302585,7.419413471543483,-8.958631296008209,-0.024370866861551373,0.045351826441513074
1.0,5.678605611933258,-9.975147704421426,-4.776757584884781,7.419238379610181,-8.958457996306482,-0.024371586632548587,0.045359519006074545
1.0,5.679701010720018,-9.975293892336097,-4.775922780240538,7.419780202155015,-8.959123276397447,-0.02436929991069526,0.04534891574102076
1.0,5.679503911954862,-9.975230561749212,-4.776067243528628,7.419676190068577,-8.959014226890128,-0.024378969856495666,0.045364751449308634
1.0,5.678947389998342,-9.975168730936003,-4.776502518842478,7.419388736381138,-8.958672092122733,-0.0243802933153035,0.0453527946644045
1.0,5.679848822307891,-9.975275903297671,-4.775806710614814,7.41984858501541,-8.959218108827827,-0.02438060619417007,0.045359437893668544
1.0,5.679786228091916,-9.97526895985912,-4.775863720019918,7.419809353546485,-8.959176124253293,-0.024381778758038933,0.04535671769596175
1.0,5.680740342550145,-9.975406401268387,-4.775125362027262,7.420314474337427,-8.959748562461684,-0.02438570716403609,0.04535142118923884
1.0,5.679620861452446,-9.975254767477285,-4.775990988932121,7.4197485774889795,-8.959065023554531,-0.02439445920962851,0.0453505523164929
1.0,5.679880083359241,-9.975281928118239,-4.775794460975795,7.419872069413801,-8.959222429956558,-0.024399533843420144,0.04534922106226445
1.0,5.681964281758994,-9.975554787860442,-4.774187631724538,7.4209300089182575,-8.9604879747696,-0.024399639360995182,0.04534516068808133
1.0,5.683541454292962,-9.975735707907738,-4.772970822644324,7.421709824849357,-8.961454475863782,-0.024407213069680647,0.04534245042895809
1.0,5.683776185290794,-9.975739149783134,-4.772783960462638,7.421816637045769,-8.961610793604411,-0.024413633530352627,0.04534801247768779
1.0,5.680838852998124,-9.975391125077712,-4.775069570540398,7.420289326430253,-8.959821188613539,-0.02441893807289339,0.04531453087160372
1.0,5.682004653819486,-9.975519354460143,-4.774157051734459,7.420893414971694,-8.960536000607004,-0.02442246233922955,0.04532605494617761
1.0,5.682950439058282,-9.975643361167268,-4.773421993608926,7.421382711542067,-8.961107029633986,-0.024427206037290053,0.045319979469196005
1.0,5.684638872017706,-9.975838214042563,-4.77211883110095,7.4222325279113015,-8.962136838032897,-0.02443234187671743,0.04532607691225606
1.0,5.684994547701588,-9.975881815785836,-4.771845915186716,7.422399035315533,-8.96235594549569,-0.02443147843885789,0.04532344640196878
1.0,5.683516882986556,-9.975687020154638,-4.773000847879458,7.421610721470521,-8.961463613647842,-0.024432362244135565,0.04531589193316373
1.0,5.684582942581533,-9.975818200160925,-4.77217988863433,7.422148162675181,-8.962113977404092,-0.024435682259307485,0.04531425278990367
1.0,5.6854583915872805,-9.97592829844597,-4.771506399477859,7.422582821032246,-8.962645872688585,-0.024434803789167098,0.04531273089984257
1.0,5.6863531295591425,-9.976019681820317,-4.770816692575751,7.423023922028933,-8.96319739597278,-0.024435427774363642,0.04532157712043738
1.0,5.687842126150079,-9.976206517232171,-4.769667436711172,7.423782037979694,-8.96410255707618,-0.02443599475122212,0.045322273142887684
1.0,5.685743517694815,-9.975928915770066,-4.771288839326586,7.422689636724397,-8.962833828593345,-0.024439057682098447,0.045317222017863354
1.0,5.6841123267169325,-9.975729313956096,-4.772556648518033,7.4218494364456316,-8.961840759642369,-0.024441862793234143,0.04530586248819219
1.0,5.68635034679258,-9.975993072413424,-4.770819330503967,7.422993848750401,-8.963201853615132,-0.024446085235876956,0.0453187368465063
1.0,5.685773409440194,-9.97592746836834,-4.7712803802944315,7.422663182770064,-8.962848686118873,-0.02445031473676805,0.04529965603830988
1.0,5.683839083741396,-9.975658724443438,-4.772767058712491,7.421676284393736,-8.961680568023487,-0.024457993621521446,0.0453040124642568
1.0,5.686046802257279,-9.9758947164473,-4.771051017007611,7.422790246044096,-8.963040330484677,-0.024458708024612186,0.04532959542570861
1.0,5.682904830639033,-9.975483487891672,-4.773474474574892,7.421183206397583,-8.961135638340965,-0.02446396225631995,0.04532436239385259
1.0,5.683992162978883,-9.975606330125972,-4.772638033078022,7.421732359129557,-8.9617984172028,-0.02446380962393015,0.045331257937186335
1.0,5.682972887140228,-9.975465621680042,-4.773434183806791,7.421184501688238,-8.961184813739836,-0.02446607577244334,0.04532320762311259
1.0,5.683702725780933,-9.975569699870762,-4.772865170674575,7.421580327726419,-8.961623306535731,-0.024471903965187065,0.04531843546356045
1.0,5.683912672004484,-9.975558435774332,-4.772695325051389,7.421681902417729,-8.961757653776077,-0.02447952556799172,0.04533636105403093
1.0,5.683466055256513,-9.975485905084199,-4.77303556708787,7.421450354948246,-8.961491463636639,-0.02448462584691949,0.045339135264578494
1.0,5.68174718937229,-9.975271663018143,-4.774371738034115,7.420549579624821,-8.96044801959931,-0.02448819026004337,0.045322127413031765
1.0,5.685677772953778,-9.975734252388685,-4.7713413339655,7.422530670731778,-8.962846673499852,-0.024484692297197644,0.045342367052171095
1.0,5.685192194180906,-9.97566862199791,-4.77172395462719,7.42227149181182,-8.962549512825362,-0.024487507291606623,0.04533352422360772
1.0,5.684200371884377,-9.975558996623935,-4.77250047528807,7.421749738738725,-8.961945537783336,-0.02449231689262237,0.045315106399749054
1.0,5.685434214620553,-9.975698381128357,-4.771546998720134,7.422379126954318,-8.962697582186944,-0.024498836121273057,0.045325428060117585
1.0,5.684470173916378,-9.975554614990537,-4.772287985626824,7.421870021566471,-8.962121061617319,-0.024504950323693753,0.045331128743129584
1.0,5.684485170209392,-9.975549534310842,-4.772272081470059,7.421876757649791,-8.962132731636279,-0.024509671995569113,0.04533534292573723
1.0,5.681572130842871,-9.975173820407175,-4.7745285545224965,7.420366728999561,-8.960363746466282,-0.024516041629980063,0.045324365706568906
1.0,5.683694115477628,-9.97542741658281,-4.772888834967329,7.42144800847357,-8.96165445925744,-0.024516891316255462,0.045333387200402864
1.0,5.683604849373739,-9.975397609324128,-4.772957880089916,7.421397812839815,-8.961604168654313,-0.024519030114784932,0.045338598969204745
1.0,5.681133899758267,-9.975102171703568,-4.7748573628344415,7.420155079963153,-8.960099065842337,-0.024525605480375585,0.04532601910275041
1.0,5.681442601736034,-9.975136248982594,-4.774627266719572,7.420306682126585,-8.960284053734318,-0.02452826786063321,0.045325501073401775
1.0,5.67973093623405,-9.974920514931373,-4.775951870086495,7.419428809149378,-8.959241271866594,-0.024534274248176113,0.04531079171137316
1.0,5.681485242308754,-9.975110406012305,-4.774584017624641,7.420334082638927,-8.960314881698789,-0.024539677336466743,0.04533401254285349
1.0,5.680229789537374,-9.974957580266409,-4.7755591055144295,7.419689124428975,-8.959551207511383,-0.02454139064735396,0.04531960260495819
1.0,5.681671727386984,-9.9751336871337,-4.774446077976275,7.420421050973703,-8.960429454227045,-0.02454903548594303,0.045320036415653006
1.0,5.684868201900207,-9.975511885089025,-4.7719680076631334,7.422055035924474,-8.962377359363764,-0.02455551755460907,0.04533711089591399
1.0,5.682542791754366,-9.975227393646394,-4.773771286543677,7.420848096015456,-8.960963097756842,-0.024561900283267633,0.04531611082078997
1.0,5.68475989950455,-9.975504954321654,-4.772051171809053,7.421983144932159,-8.962313956014071,-0.02456152486731183,0.04532285158072887
1.0,5.6845175229358755,-9.975481747563016,-4.772247172317954,7.421844548338996,-8.962166852280324,-0.024562709235228013,0.04531056849746274
1.0,5.686560754444276,-9.975719015015786,-4.770652734519346,7.422898141049032,-8.963417844855153,-0.024564977926142914,0.04532717805554784
1.0,5.684591203622895,-9.975476508810628,-4.772166029065918,7.421901733558438,-8.962219285092324,-0.02456958182615033,0.045317128962262775
1.0,5.683770777513486,-9.975363128563336,-4.772803436688729,7.421474992397257,-8.961718497930704,-0.024576717994954388,0.045313951389450734
1.0,5.6830573130313375,-9.975286933412754,-4.773363982005242,7.421097620905801,-8.961282651790563,-0.02457755900915918,0.04529839206578362
1.0,5.683246797812279,-9.975283252625806,-4.77321511367952,7.421182220854888,-8.961407380509408,-0.02458230261675371,0.045308829520462494
1.0,5.685739136589474,-9.975579190660698,-4.771284321719388,7.422444655722004,-8.962929375380295,-0.024583584541978544,0.04531765369474055
1.0,5.683851115475261,-9.97532768356238,-4.772739089786132,7.421465361108722,-8.961791737851913,-0.02458824463235325,0.045313271465685874
1.0,5.682921098890419,-9.975190579684462,-4.773446757453565,7.4210014941716524,-8.961229750595725,-0.024592302571330885,0.045323131070072784
1.0,5.681833321286972,-9.97504807359026,-4.774280169077135,7.420452435661654,-8.960569562990647,-0.02459378694711601,0.04532639019644887
1.0,5.680590609930511,-9.974871372112391,-4.775238742078942,7.4198060400388925,-8.959821385562648,-0.02460161923082741,0.045324638799097205
1.0,5.681076126036674,-9.97492762712338,-4.774870247965108,7.420049692198898,-8.960113898924643,-0.024605315101132133,0.04532367355594823
1.0,5.6806520839952706,-9.974845304216679,-4.775191855701138,7.419828621185613,-8.959865208544715,-0.024611602233558356,0.04533589476098024
1.0,5.679298048745221,-9.974698046951715,-4.776248205328237,7.419146546068227,-8.959025707758746,-0.024622449586288817,0.04531177518286039
1.0,5.681544336440148,-9.974962194945013,-4.774502632038334,7.4203074450011535,-8.960396158106539,-0.024625537921013182,0.04532869394767465
1.0,5.681691200975972,-9.974997013261289,-4.774394614445702,7.420377139317419,-8.960481682792357,-0.02462818801969858,0.0453130751748627
1.0,5.68309960872845,-9.975142427848045,-4.7733049603427045,7.421070788299187,-8.961349658457355,-0.02463013771094654,0.04532754039175121
1.0,5.680564226775061,-9.974839457961513,-4.775270740527369,7.419765133647224,-8.959805051080858,-0.024633188442149977,0.04530668445690368
1.0,5.680788521801975,-9.974839014143354,-4.775094839844759,7.419859569467134,-8.959955581244618,-0.024630906023374973,0.04532017415994217
1.0,5.682295420796119,-9.975018643800304,-4.773927804665478,7.420630674352997,-8.960875214654797,-0.024628838950331078,0.04532993777540648
1.0,5.679286283840979,-9.974671454387968,-4.776256907016614,7.419108363985213,-8.95903670214698,-0.024636667213962987,0.045302665682791766
1.0,5.682020256471453,-9.974976483018787,-4.774126514218162,7.420523831589453,-8.960709637071368,-0.024638420029898953,0.04533684899768917
1.0,5.681451419441578,-9.974923270733997,-4.774579843605031,7.420208018714129,-8.960361795201566,-0.02464264010752888,0.04531080816314159
1.0,5.681401489316458,-9.974916880674284,-4.774608297664687,7.420189571588278,-8.96033764820542,-0.024643434277420256,0.04531176450923367
1.0,5.682447725414264,-9.97503711412979,-4.773792010295249,7.420729182278209,-8.960978749363427,-0.02464702991651521,0.04532049814923288
1.0,5.681448993443816,-9.974932449882433,-4.7745659513712075,7.420212947868923,-8.960371588531483,-0.02464995993272704,0.04530078170796973
1.0,5.67986435474955,-9.97471048383678,-4.775781130717695,7.419402721600033,-8.959416161363524,-0.024655009127935324,0.04530810489562332
1.0,5.681794729374532,-9.974935249275722,-4.774290834412065,7.420374792788075,-8.960590751826073,-0.024657110632095792,0.045316573304519006
1.0,5.681230635638261,-9.974844840019516,-4.774721429833356,7.420079104836731,-8.9602575305801,-0.024660059921291142,0.0453209930483406
1.0,5.681234934087049,-9.974829553822184,-4.774710827665797,7.420082274307179,-8.960267073979171,-0.024665192818002106,0.045325284025348495
1.0,5.679961674500775,-9.974706712959392,-4.77571184375079,7.419424735374661,-8.959481429415831,-0.024662087701043795,0.045294576320863436
1.0,5.683060634498088,-9.975052203306502,-4.773315172513905,7.420993376089953,-8.961375747124205,-0.02466300309846354,0.04532401697958608
1.0,5.681296964550859,-9.974828016413277,-4.7746777582441995,7.420093689083823,-8.96030056721652,-0.024670909088402027,0.04531675270636245
1.0,5.6826581996810335,-9.975002923790177,-4.7736265056669005,7.420790226034932,-8.961127259475449,-0.02467398752487592,0.04531314051984583
1.0,5.682284717016241,-9.974952007846618,-4.773916524132431,7.420595810182083,-8.960904196629121,-0.024672168357061288,0.045310883516922015
1.0,5.683760960455604,-9.975108599405004,-4.772772410251165,7.42134018273246,-8.961812587031467,-0.02467559306108595,0.04532492337368255
1.0,5.682537517705657,-9.97495763275962,-4.77371561203518,7.420723712086328,-8.961067354455423,-0.02467952581794273,0.04532074913951226
1.0,5.682004656314988,-9.974903869864384,-4.774130153033279,7.420449312240492,-8.960738051966583,-0.024681377461076844,0.0453039184561397
1.0,5.682602938580266,-9.974974663146089,-4.773667059236642,7.4207446677670035,-8.961105703072008,-0.024682658588227428,0.04530627219233554
1.0,5.683277573619291,-9.97505952126011,-4.773146449614383,7.421080579976136,-8.961519192284472,-0.024687701643847492,0.045298716133875025
1.0,5.68081548790898,-9.974721578299462,-4.775045686727795,7.419808712562396,-8.960028886353156,-0.02469430067673762,0.045299390371330135
1.0,5.683765646373192,-9.97505411176239,-4.772746688636171,7.421325769402874,-8.96183280633342,-0.02470055362622352,0.0453293166803359
1.0,5.682347686887079,-9.97487710937516,-4.773845281329794,7.420590458207467,-8.96097208916312,-0.024704449301450992,0.04531750719246504
1.0,5.680999524162921,-9.974711426469304,-4.774890394569421,7.419896660829419,-8.960150694907885,-0.024707268974027533,0.04530914552774211
1.0,5.682004462332672,-9.974820889112806,-4.774117087127697,7.4203917330211,-8.960767251995433,-0.024703859780158394,0.045315708171134395
1.0,5.679853978506971,-9.97453948354157,-4.775780898395156,7.419279414205514,-8.95946159528227,-0.02471060763988572,0.04531172462427346
1.0,5.680501903833098,-9.974613554529776,-4.775272513109936,7.419617448885793,-8.95985579457593,-0.024717609553245024,0.04531535491947759
1.0,5.680528914833814,-9.974621001739164,-4.775251204843627,7.419627490176656,-8.959874382120004,-0.02472082940927697,0.04531054886038126
1.0,5.682059749887025,-9.97477390060444,-4.774065865348796,7.42038563216449,-8.9608186828026,-0.024718886757575262,0.04533004836401585
1.0,5.683023604172972,-9.974870410204037,-4.77331963681539,7.420851203316226,-8.961415915744512,-0.02471933895144432,0.04533731645223141
1.0,5.680629777548093,-9.974581300283434,-4.775181535239788,7.41959879326138,-8.959963151103363,-0.024723303738658872,0.04531178367057016
1.0,5.682451115989409,-9.97480283537087,-4.773783420172159,7.4205168250617035,-8.961072018124318,-0.02472609472464649,0.04531448683328428
1.0,5.68116164283737,-9.97463146350345,-4.774776765376994,7.419850555002526,-8.96029382094812,-0.024732450066851607,0.045309006103372206
1.0,5.681981062423641,-9.974705576730864,-4.774121619730428,7.420296954276906,-8.960798515907769,-0.0247397430234448,0.045331242199662815
1.0,5.6807510611180385,-9.974550590260833,-4.775076767943883,7.419650207703722,-8.960053267661907,-0.024740991955685753,0.04531947218743571
1.0,5.68081272655578,-9.974532337111896,-4.775029696995529,7.419668642566726,-8.96009819892541,-0.024743994636486882,0.045329871854189845
1.0,5.680430515751316,-9.974448764666063,-4.775327821853501,7.419448637233568,-8.959876007469308,-0.024742259310471203,0.045345280483395645
1.0,5.679813682175618,-9.974371394172712,-4.775803540773901,7.4191324857533605,-8.959499929943124,-0.02474758617954032,0.04533675943888941
1.0,5.679373702271273,-9.974301303980559,-4.776145196015563,7.418893618918479,-8.959234913184593,-0.02474757309777961,0.045338930175221406
1.0,5.678182068640222,-9.974151945003387,-4.7770688173198,7.418277349396546,-8.95850975934403,-0.024755925487841453,0.045330567951556135
1.0,5.678959066418379,-9.974241929902341,-4.776480146736644,7.418648056514528,-8.958987842567096,-0.024754259923362127,0.04532891180364947
1.0,5.679572440277655,-9.974284830398036,-4.776003729154894,7.418949955249172,-8.959369804071303,-0.024753879820311783,0.045349619639162904
1.0,5.678733865122605,-9.974172789043518,-4.776648550720943,7.418517524764436,-8.95886283822864,-0.024755516420161047,0.0453483584420112
1.0,5.677289591283903,-9.973986764348098,-4.777767558133998,7.4177737756226065,-8.957985639135266,-0.02476350371182482,0.045338741182331575
1.0,5.679674903194099,-9.974272961958986,-4.775911477525681,7.418995514703118,-8.959441901206102,-0.02476271122897573,0.04535038652753596
1.0,5.676906657216567,-9.973949005632928,-4.7780594780742165,7.417569695507938,-8.957750472723312,-0.024766623942934236,0.04532130792870972
1.0,5.678131985390491,-9.974097317102357,-4.777106671160312,7.41820900151643,-8.958496451949417,-0.02476781056220224,0.04533076289006611
1.0,5.679533207718274,-9.974244357645635,-4.7760228319737035,7.418919648291479,-8.959354350795747,-0.02476534794998006,0.04535301060900419
1.0,5.6776796111278935,-9.974030513014,-4.777471290228331,7.417951902534293,-8.958223028472014,-0.024771860028471922,0.045323680801191736
1.0,5.680398418775116,-9.974342057216832,-4.7753657016616655,7.419320425812263,-8.959887762090311,-0.02477386069775297,0.04533873983084095
1.0,5.680760434644992,-9.974390270111053,-4.7750890411114275,7.419505188539584,-8.960105507562165,-0.02477196380323829,0.04533630986901015
1.0,5.680810511309101,-9.974399682193233,-4.775054085820667,7.419525175892822,-8.960133734093297,-0.02477185336847045,0.04533192531552577
1.0,5.680558679856083,-9.974357102770817,-4.77524553036212,7.419399070444064,-8.959983697449456,-0.02477685259485095,0.045334298060021774
1.0,5.682128014763661,-9.974550292445654,-4.774043162334032,7.420178885313404,-8.960940179515422,-0.02477629474323085,0.04533225567636865
1.0,5.6788873414238985,-9.974162658002639,-4.776555037613851,7.418532563730492,-8.958960941196569,-0.024784766013306203,0.04530559361607996
1.0,5.681479402457783,-9.974447830006403,-4.774547196549263,7.4198461185104145,-8.960548053296485,-0.024785746243555538,0.045333950308353584
1.0,5.6809270580053655,-9.974389124614541,-4.774975668005942,7.419559601517292,-8.960208345242537,-0.02479113270554516,0.04532027377048649
1.0,5.681368561066546,-9.974452119297423,-4.774647219424967,7.41976714426539,-8.96047284309418,-0.024793272477927432,0.04530865660963762
1.0,5.685226448220366,-9.974898876571109,-4.771660858854463,7.421728804438195,-8.962830378599516,-0.024790938687334542,0.04533921030089821
1.0,5.6831031567125665,-9.974627956453812,-4.77331130555829,7.420625445535585,-8.961537402977424,-0.02479489630554493,0.045327426724504946
1.0,5.683838624866328,-9.974723179597602,-4.772738673145612,7.421011434877614,-8.96198187992119,-0.024797335297988197,0.04532642868134088
1.0,5.684700070741481,-9.974853184518581,-4.772088841534179,7.421427639782085,-8.962502577838798,-0.02479582570716632,0.04530549805171726
1.0,5.684830594906218,-9.974849807326551,-4.771986267341238,7.421472345930537,-8.962590765807109,-0.02479910060342966,0.045309242667535575
1.0,5.6856802018906905,-9.974937597400128,-4.771330022220879,7.421885552525029,-8.963117166048798,-0.024801041576854425,0.0453107212140562
1.0,5.684916085099993,-9.974828691163616,-4.771922154525816,7.42148285342357,-8.962657964340488,-0.024801974354858956,0.045312361903099285
1.0,5.683938649908197,-9.974698310094116,-4.772685709372074,7.420962022952374,-8.962064874927057,-0.024805716295248074,0.045306035125709555
1.0,5.684298713134866,-9.974742136763387,-4.7724105457191,7.421121265030241,-8.9622906687543,-0.02480569967405608,0.04529878034815016
1.0,5.686282232998146,-9.974980699879557,-4.770881939868044,7.422117009216093,-8.963502838064782,-0.02480481385188714,0.045299325401656126
1.0,5.684817781111797,-9.974773139032607,-4.772003567996925,7.421380590235666,-8.96261672557273,-0.024811912532108783,0.04530903607121449
1.0,5.686286641393077,-9.974937625545332,-4.77087114944279,7.422123140879752,-8.963510053392366,-0.02481102411943128,0.045320100306618885
1.0,5.686054341185197,-9.974916646292364,-4.7710623623240105,7.421991522146036,-8.963365943948835,-0.024808724336556634,0.04530983706613426
1.0,5.6848154093986745,-9.974762302218268,-4.772022478792517,7.421352452870654,-8.962613644547206,-0.02480890691051928,0.045307561999505315
1.0,5.687435552804581,-9.975105741376943,-4.7699999609561505,7.42268603972957,-8.964205231941458,-0.024806205485593428,0.045305668521960545
1.0,5.685150013182476,-9.974810272087396,-4.771765817618663,7.421504961103254,-8.962818747612058,-0.024809501218544344,0.04530067857963239
1.0,5.684867564772126,-9.974764116028016,-4.771988513596412,7.421345406020126,-8.962651263012352,-0.024812638333085436,0.045298962881705575
1.0,5.6858918314528575,-9.974877218752678,-4.771200678534531,7.421856651313411,-8.963278282255633,-0.02481175236455095,0.045304844264533316
1.0,5.6854465306238655,-9.974820755867572,-4.7715532845029,7.421609536828422,-8.963008745651441,-0.02480798552168258,0.04529970456694524
1.0,5.685929064629451,-9.974870000455953,-4.771182327552952,7.421843106271511,-8.96330905879762,-0.024814181439941713,0.0452951564662403
1.0,5.68661732015009,-9.974947728279487,-4.770655242962541,7.42218953930628,-8.96372589502357,-0.02481180074115285,0.0453001586101188
1.0,5.685743521000307,-9.974820216323778,-4.771323962817505,7.421733001211426,-8.963204901720065,-0.024814803894019025,0.04530630271849659
1.0,5.683299644243286,-9.974493431932192,-4.773207406601522,7.420483216617225,-8.961724040140007,-0.02482044325858636,0.04530921428233912
1.0,5.684543895224362,-9.974629571276544,-4.772239926544153,7.421120285632102,-8.962486159236544,-0.024821688481972703,0.04532410015684325
1.0,5.684758093735355,-9.97463075076132,-4.772073173604179,7.421217757104004,-8.96262528779586,-0.02482514235231517,0.045333559526295246
1.0,5.683047087517361,-9.97442491989048,-4.773409447242663,7.4203120817676895,-8.961590164799858,-0.024827296114435994,0.04531110095478181
1.0,5.684156480210537,-9.97452986783397,-4.772549670088543,7.420861372985113,-8.962274179712924,-0.024831270597005288,0.04532778221409542
1.0,5.683225100353708,-9.974398119052887,-4.773270939793171,7.4203785944248,-8.961712033375408,-0.024834779503186875,0.045329153899836445
1.0,5.683609312490853,-9.974455336819819,-4.772977182083305,7.420562228125899,-8.961945208664938,-0.024838337891765098,0.045317813736377326
1.0,5.6857196316335,-9.974719890468279,-4.771342269150195,7.4216489954573905,-8.963225720172964,-0.024838431987206047,0.045327109237338334
1.0,5.683391238499551,-9.974440996279377,-4.773146241669679,7.420452393517968,-8.961808940826213,-0.024839548571108726,0.04531169952948978
1.0,5.685206443835553,-9.974654144390927,-4.771747299051606,7.42137087351224,-8.962916625387013,-0.024843012497813798,0.045313887823601275
1.0,5.684288076685756,-9.974555487528114,-4.772469713035379,7.42088615423347,-8.962355012726938,-0.024841203381656386,0.04529447598296513
1.0,5.6863244317545325,-9.97477248043685,-4.770890404493319,7.421899330799777,-8.96360984267003,-0.024838983991978873,0.04531633623363826
1.0,5.684351912705045,-9.97452974712216,-4.772416892443151,7.4208811370636685,-8.962411610211547,-0.024846952205886532,0.04530038968323345
1.0,5.684246820193191,-9.974494741032673,-4.772489105016244,7.420824573751868,-8.96235564605758,-0.024849872359599706,0.04531235003788169
1.0,5.684274261812154,-9.974498926191021,-4.772482806599226,7.4208250827624616,-8.962369929220449,-0.024850393214638434,0.04530485269166581
1.0,5.686144764651329,-9.974728409606962,-4.771032527195034,7.421786169822451,-8.963509770235857,-0.024850830257668575,0.04530899042739531
1.0,5.685662890191646,-9.974671057458671,-4.771405850441959,7.421540623708774,-8.963213942575717,-0.0248495241880494,0.045307946527300844
1.0,5.685976918348314,-9.974696357409501,-4.771163876218639,7.421683990316088,-8.963411467376575,-0.024851382076646764,0.04531145954468983
1.0,5.686609906192226,-9.974775076258743,-4.770681454492453,7.421984979140153,-8.96379939497128,-0.024851790257720077,0.04530484269760547
1.0,5.683809826166792,-9.974415133790682,-4.772839963829673,7.420558732940442,-8.962098463795424,-0.024854925142221262,0.0453024021077883
1.0,5.686424719254905,-9.974744921736423,-4.770824986282955,7.421889716108146,-8.963686276745868,-0.024854250313664287,0.04530533926747616
1.0,5.686406484626131,-9.974736286935366,-4.7708373154271415,7.421867456469521,-8.963679121430138,-0.024856073215430458,0.04529957846119872
1.0,5.688498168119166,-9.97500589696015,-4.769225599342568,7.422924148037137,-8.964950931759992,-0.024852517331605428,0.045297426999483414
1.0,5.6882335643247455,-9.974958817257354,-4.769424524604383,7.422788888153323,-8.964794895174213,-0.024851103154164483,0.04530599354608958
1.0,5.688889992150238,-9.975044039982013,-4.7689327678233555,7.423090649199998,-8.96519486100495,-0.02485084750008025,0.04529643295279602
1.0,5.689189005972485,-9.975077841902172,-4.7687092535800035,7.423217023496748,-8.965382746803474,-0.024848785796449866,0.0452900220677315
1.0,5.689080352310246,-9.975069628196705,-4.768806491317113,7.423138432074506,-8.965316919907249,-0.02484673273307786,0.04527731422824545
1.0,5.68771005784461,-9.974864191172527,-4.7698575327008434,7.422426615329916,-8.964496073413374,-0.02485514257609854,0.04528308532724109
1.0,5.686576130630281,-9.974698831214935,-4.770719537191854,7.421853302071755,-8.963810862771446,-0.024862185626660673,0.04529019505791983
1.0,5.685779612013829,-9.974581580258508,-4.771322708163419,7.421454196648651,-8.963330639182457,-0.024864840690390203,0.04529760427294912
1.0,5.6865848533238,-9.974676975677536,-4.770690846795233,7.421878705258903,-8.96382462027955,-0.024867344536268165,0.045303677433805804
1.0,5.685799553284834,-9.974602057998105,-4.771308242445342,7.421464067763318,-8.963344576719939,-0.024864015522609174,0.04528503153363995
1.0,5.687052685575178,-9.974753414772826,-4.770333701686613,7.422107884566549,-8.964108118618011,-0.024866880771398106,0.04528924129809535
1.0,5.689150456142706,-9.975010595664884,-4.768717750905148,7.42315804150044,-8.965387960332556,-0.024870277535226012,0.04528792393777316
1.0,5.68977959346359,-9.975070789513751,-4.768234780530206,7.423455546003421,-8.965778030767714,-0.024870989230504716,0.045293231776204784
1.0,5.686983788939291,-9.974714013264595,-4.770394960413387,7.422029731194025,-8.964076602867483,-0.02487407337593385,0.045289301474875886
1.0,5.68795305576641,-9.974795672154391,-4.769644095131291,7.422497998349455,-8.964681320449994,-0.02487155655493771,0.045306936319684125
1.0,5.686044111051079,-9.974559245312236,-4.771129986010712,7.42150696863257,-8.963520107903314,-0.02487593129526457,0.0452913814566841
1.0,5.68578425934735,-9.974501427581522,-4.771327872106276,7.421373007877134,-8.963365931559128,-0.02487900612540738,0.045304318058787166
1.0,5.686745639371261,-9.974608213863863,-4.770580672834376,7.421871710642358,-8.963955149255373,-0.02488317923817555,0.045310488094361244
1.0,5.68512951567729,-9.974385272017708,-4.771823581855644,7.421051494495891,-8.962978469211393,-0.02488556700938897,0.04531662343223264
1.0,5.685146091201572,-9.97438522211321,-4.7718239146191666,7.421048345187762,-8.962982857096865,-0.02488852324249143,0.04530947181403793
1.0,5.685168111880448,-9.974373107386498,-4.771800196500634,7.421053256712409,-8.963003620270136,-0.024894767172313193,0.0453125846923887
1.0,5.685807170066243,-9.97444332233198,-4.771312648976801,7.421356712718441,-8.963397853858652,-0.02489594591256047,0.04530809012394491
1.0,5.686019949025072,-9.97447224448201,-4.771151847571817,7.421454535692056,-8.963526825472236,-0.02489302570903682,0.04530350721113826
1.0,5.686793230396608,-9.974577536101759,-4.7705613121349035,7.421844966790376,-8.963992516684025,-0.024899672259787325,0.04529268295017004
1.0,5.68651290377091,-9.974532938691494,-4.770775089923752,7.421693288135547,-8.963828052058862,-0.02489970792211734,0.04529492296302441
1.0,5.68579570386903,-9.974429596346887,-4.771329969186874,7.421322354810399,-8.963397396405805,-0.02490227099306889,0.045294934023613086
1.0,5.686151649672069,-9.974464199683789,-4.771055710590441,7.421483945608891,-8.96361798765455,-0.024907613541090605,0.04529293889464494
1.0,5.686190440517574,-9.974433920057324,-4.771014028909946,7.421491003664389,-8.963655601702673,-0.024908885756008213,0.04531064574137871
1.0,5.685563453405304,-9.974332305054837,-4.771489849108693,7.421170559915309,-8.96328280042207,-0.024913437364127072,0.045317467141504475
1.0,5.685881455863365,-9.97436330274015,-4.77125154275403,7.421320771725167,-8.963479605078467,-0.024912902152655184,0.045317631093493814
1.0,5.683809909677278,-9.974114057625407,-4.772853905106438,7.420270432381778,-8.962215063210197,-0.024921497511555726,0.045299441786607726
1.0,5.686954452682825,-9.974477834240968,-4.770419391068839,7.421867947686391,-8.964136763975258,-0.02492258916156405,0.045320875720812684
1.0,5.6859550556704415,-9.974372322320685,-4.77119496505616,7.42136138151709,-8.963523481895507,-0.024928009907407088,0.045302924235814127
1.0,5.687054704284862,-9.974502538612606,-4.770358545700051,7.421883923452502,-8.964198002569274,-0.024926001368635035,0.04529596094915533
1.0,5.686519485079973,-9.974434152286593,-4.770789269678497,7.421583790007073,-8.963873797378547,-0.024924850307566082,0.045286975386940834
1.0,5.68683690470967,-9.974441619220121,-4.770538664863512,7.421729849733932,-8.964082318678551,-0.0249224587137851,0.04530479696483113
1.0,5.689007275390249,-9.974697376388736,-4.768864677735912,7.4228134585885,-8.965414859714421,-0.02491728900533853,0.04531432932679534
1.0,5.686398048410278,-9.974358179350379,-4.770883993050742,7.421480337646894,-8.963827893795871,-0.024928034383131948,0.04530737339535497
1.0,5.687328736660661,-9.974461875107588,-4.770168043315793,7.4219282083903195,-8.964405181390108,-0.024925776701896857,0.045310933254008506
1.0,5.6877856145768755,-9.974531975323691,-4.769825000326993,7.422144034066051,-8.964680064371835,-0.024925954162960902,0.04529798454002552
1.0,5.6884868700467655,-9.974607491832993,-4.769290099092651,7.422480305996202,-8.965111364852238,-0.02492770982286877,0.04529599360965992
1.0,5.689781327912728,-9.97478969052902,-4.768293510832754,7.423140572832853,-8.965892649796697,-0.02493062876725053,0.045282875223895167
1.0,5.692501520078156,-9.975115299068348,-4.7662001952818205,7.424498149636663,-8.967553830351827,-0.024923954614803154,0.04529022220007818
1.0,5.689572037782763,-9.974759186846898,-4.768471668192743,7.422992969855224,-8.965769325195971,-0.02491930890690282,0.04527437775501561
1.0,5.691485280519531,-9.974977116299469,-4.766981504725356,7.423986409094172,-8.96693380915073,-0.024925151182990837,0.045294544086978035
1.0,5.691860488187347,-9.975022956077934,-4.766700084046231,7.424166149113783,-8.967159869359628,-0.02492938975600939,0.04528816062450562
1.0,5.6926419512193185,-9.975116261568601,-4.766100470220374,7.424545469339135,-8.96764076574604,-0.024926560196220904,0.045284032041562304
1.0,5.692180244004675,-9.975053795441356,-4.766461288191576,7.424294399453903,-8.967356808580787,-0.024933095211506235,0.045276214689719894
1.0,5.692800455147058,-9.975149526253935,-4.765992299200292,7.424604106556177,-8.96772817983234,-0.024932232868317517,0.045261322411505316
1.0,5.694932201084818,-9.975392177466496,-4.764346897325422,7.425676083106389,-8.96903175913948,-0.024932929301127102,0.04527272665544108
1.0,5.697110701436781,-9.97566874061241,-4.76266966955774,7.426770674914455,-8.970359068992494,-0.02493716577223661,0.04526612174129222
1.0,5.6944021007608665,-9.975331097672836,-4.764769862583941,7.425369616603012,-8.968712250282218,-0.024939684824296166,0.045249367621447635
1.0,5.695201393624832,-9.975419975081993,-4.764140291664746,7.425790071574394,-8.96920174184371,-0.024946480231354748,0.04525911653412624
1.0,5.695478508262884,-9.975446145107787,-4.763925540570308,7.425936610723562,-8.969366084711725,-0.024955339065428614,0.04525929113814085
1.0,5.694183586090596,-9.975280331252979,-4.764935123970495,7.425260840523888,-8.968574686564072,-0.0249601172124593,0.04525278338499268
1.0,5.696441919352126,-9.97552509108899,-4.763184827920133,7.42640256876747,-8.969956988280636,-0.024962026309717174,0.0452763687200705
1.0,5.693648689829405,-9.975169642116859,-4.765340033498004,7.424970619592925,-8.968264202387216,-0.024961566423636113,0.045268846026156453
1.0,5.693446717543462,-9.975122279306436,-4.765490623309866,7.424866333372613,-8.968146424513744,-0.024966479293249078,0.04527735239220498
1.0,5.691947962584597,-9.974929161382475,-4.7666439936971585,7.424100647693763,-8.967238020826674,-0.02496616405099105,0.04527779622209776
1.0,5.690682360741687,-9.974765433516366,-4.767623124819389,7.423447984651948,-8.966471161552041,-0.02496849130157914,0.04527353961477988
1.0,5.692614954959488,-9.97498112479037,-4.766122655630688,7.424429392772303,-8.967655564224124,-0.02496613701975093,0.04529616727934788
1.0,5.692484529376854,-9.974987972191817,-4.76623892912608,7.424360307284545,-8.967564308776552,-0.024968456801950235,0.04527503890119145
1.0,5.6945483475589445,-9.97522949983282,-4.764635521848028,7.425419842488857,-8.96882237208406,-0.02496849902349698,0.045292778488680636
1.0,5.694279978949769,-9.975196785958829,-4.764851544863429,7.425261076130913,-8.968660418407696,-0.02497472562023115,0.04527487889613031
1.0,5.692991826745719,-9.975021440345442,-4.765838304415118,7.42460937251733,-8.967881609741026,-0.0249752598333051,0.04528051369812952
1.0,5.693180200013587,-9.975024404480513,-4.765695679677605,7.424689248365339,-8.96800368088042,-0.024974961037871855,0.04528858634618538
1.0,5.690699596454087,-9.974684734331888,-4.767614351528942,7.423403321305196,-8.966505350929912,-0.02497864486070637,0.045292887006946975
1.0,5.690358099751617,-9.974630046186537,-4.767876543956709,7.423212224320794,-8.966302197888288,-0.024982091997214524,0.045294107218246504
1.0,5.689989667147737,-9.97457275318606,-4.768170377557857,7.423008038050045,-8.966077947249527,-0.024985309577807643,0.04529419349685588
1.0,5.68898714393838,-9.974451054934704,-4.768941499885395,7.422500136693609,-8.965468571429895,-0.02498843441270624,0.04528940366276621
1.0,5.689042514245914,-9.974444136619521,-4.768888444832279,7.4225298937661615,-8.965509386691503,-0.02499024012711246,0.04529573739765301
1.0,5.6884073372377975,-9.974355513175986,-4.7693799009978886,7.4221921585940995,-8.965127157645655,-0.024992319791460063,0.045291622319121566
1.0,5.687526885177356,-9.97422806811231,-4.770062476627758,7.421728213588298,-8.964594565074,-0.024997256698332665,0.04529273617530127
1.0,5.691846114823564,-9.974756947061216,-4.766729970638036,7.423919757243428,-8.967227103844113,-0.024990248912398334,0.04531285579281865
1.0,5.689027959793464,-9.974405308702666,-4.768914663981982,7.42246492969935,-8.965515223643628,-0.024994003659111655,0.04529499254007297
1.0,5.689232315857978,-9.974436568519675,-4.768766507535123,7.422558055846245,-8.965635587306451,-0.024998570534445264,0.045280539186959734
1.0,5.691083406198014,-9.974663371616856,-4.767338199884579,7.42348919670773,-8.96676441459662,-0.024995135244581062,0.045283284677632464
1.0,5.691514853523667,-9.974696235901206,-4.7670009840901635,7.423703631768368,-8.967031716397738,-0.024998302001417144,0.04529290249649137
1.0,5.691390625267321,-9.974663061904122,-4.767095364978317,7.423631218453972,-8.966964191793226,-0.025002128467485993,0.04529520343719971
1.0,5.6901976484241885,-9.974490965088346,-4.768016358450819,7.422989622773896,-8.9662525265372,-0.024999434297051933,0.04529924339315422
1.0,5.691668265998598,-9.974661160518082,-4.766875652983923,7.423738253149942,-8.967150351686648,-0.024999310094679886,0.04531259203391094
1.0,5.689119060117572,-9.974365376438467,-4.768854915456874,7.422425638309325,-8.9655941731029,-0.025000306080995568,0.045289454369788006
1.0,5.688027352500277,-9.974183079174168,-4.769695383483976,7.421841729343113,-8.964943504997061,-0.025004260290255115,0.04530219519751257
1.0,5.6897495476948325,-9.974369838246297,-4.768362508415447,7.422704299089404,-8.96600028652727,-0.02500389229794665,0.04531804347832384
1.0,5.68858815588024,-9.97422078020795,-4.769258164525879,7.422111727200696,-8.965295102903694,-0.02500671418777956,0.04531502008484578
1.0,5.6885584184978875,-9.974203424491094,-4.769287901142979,7.422064916500091,-8.965281675069969,-0.02500664034935904,0.04531225085671589
1.0,5.688960217860732,-9.974231484131522,-4.768977892082859,7.422243947901633,-8.96553529213029,-0.025009412598054698,0.045318020331737555
1.0,5.689383538333726,-9.97427659515289,-4.7686542554176885,7.42242774995704,-8.965802345052717,-0.02501030223030777,0.04531173200466351
1.0,5.689910814450234,-9.974338278741149,-4.76823896989335,7.422704441180982,-8.96612202815651,-0.02501629808709586,0.04531541908534365
1.0,5.689554838199735,-9.974302057604845,-4.768521862932419,7.422517563746733,-8.965901509197037,-0.025020571079469332,0.0452996761849648
1.0,5.692115058373148,-9.974616911698803,-4.7665511023174725,7.423803086927991,-8.967460359550453,-0.02501568846955299,0.045302514505268676
1.0,5.690514434687396,-9.974394791629091,-4.767783384138702,7.422981923232787,-8.966492224987594,-0.02501702817278864,0.04531030113667265
1.0,5.689614260094813,-9.974258658157298,-4.768476662697204,7.422510302079101,-8.96595031698428,-0.025023914655130295,0.045313503521144056
1.0,5.689479889104379,-9.974209599389638,-4.768583582581768,7.422419360911089,-8.965878846154858,-0.02502971882469432,0.04531731785987967
1.0,5.688917414335674,-9.974130557205577,-4.7690105579430995,7.422145433551341,-8.965538331265437,-0.025031718269399903,0.04532223430302662
1.0,5.688652454664167,-9.974088601848527,-4.769216764536548,7.422011355232222,-8.965376671178426,-0.02503341828254638,0.04532530020201126
1.0,5.68675865347989,-9.973853447306935,-4.770689494352568,7.42101545506262,-8.964226260952803,-0.025034976093835717,0.04530896097678784
1.0,5.6904745157840155,-9.974318246095889,-4.767822813922149,7.422909744711741,-8.966484254872341,-0.02503271956721433,0.04531594823263936
1.0,5.688478070497235,-9.974060011653705,-4.769361035869341,7.4218857346960965,-8.965277277689124,-0.025039551486180447,0.04530915784879197
1.0,5.6878017512562,-9.973957383011108,-4.7698840972022785,7.421529701156731,-8.964870636172694,-0.025042867126040484,0.04531205994572697
1.0,5.688608882569778,-9.974057132222843,-4.7692650268875045,7.421932344889107,-8.965360329471153,-0.025044606613421116,0.04530702589817178
1.0,5.689642879215971,-9.974165644404652,-4.768470890354106,7.422435925653405,-8.965997579101824,-0.025041895770783404,0.04531406077052556
1.0,5.689506894966982,-9.974147177502275,-4.768573581894797,7.4223634987581,-8.965919161291549,-0.02503787921228785,0.045316681606221515
1.0,5.68843276318324,-9.97400165981997,-4.769411897310184,7.421793004916156,-8.965271365008864,-0.025037161691889694,0.04531410736344297
1.0,5.687761105701971,-9.973899996632808,-4.76993156173889,7.421447833324626,-8.964863842526148,-0.025035414356615063,0.04532237439762983
1.0,5.686465181595756,-9.973730585247875,-4.770938613383929,7.420773285663772,-8.964077603665164,-0.025042252176541407,0.04531464198037213
1.0,5.685064941149828,-9.97354764338252,-4.772030014505683,7.420025505918749,-8.963228814283182,-0.02504323166972801,0.04530149536691559
1.0,5.689501346387625,-9.974070427499363,-4.768595254337378,7.422282865926514,-8.965935065991598,-0.025041400106323528,0.04533198307463605
1.0,5.686124174206275,-9.97363340892513,-4.771206128542323,7.420548142375631,-8.963886014176083,-0.025041375514671893,0.04532598945707709
1.0,5.68577756563112,-9.973597400502243,-4.771485835828831,7.4203441052511785,-8.963673560125576,-0.025045731807463688,0.04530811072802605
1.0,5.686747228195238,-9.973702643384721,-4.770732146739366,7.420841210195219,-8.964268985710538,-0.02505108413789699,0.045319910299956814
1.0,5.686385108110379,-9.973645402459459,-4.771008817992979,7.42065337546811,-8.96404954499641,-0.025059136925205217,0.045319309770617155
1.0,5.686726987049962,-9.973663963746649,-4.7707360882976175,7.420830509920172,-8.96426387168204,-0.025063576410810154,0.04533165028617842
1.0,5.687026956039833,-9.97370369080166,-4.77050042103129,7.420988813600723,-8.964445238356126,-0.02507050627822052,0.045326877723654485
1.0,5.687516014193528,-9.973756027654316,-4.770125352102158,7.42122428452864,-8.964748623928413,-0.025069644578114017,0.045326998277761765
1.0,5.688757704735511,-9.97391276315987,-4.769164766322417,7.421867739130356,-8.96550197255949,-0.02506932134471347,0.045330731846391616
1.0,5.68969678246692,-9.97402398590494,-4.7684432034432005,7.422332674845509,-8.966076069946716,-0.025065005382536903,0.04533032564188981
1.0,5.688329029841602,-9.973833241214084,-4.769506190793436,7.421608866172835,-8.965251928037311,-0.025065289465874132,0.045330611799694026
1.0,5.68795586185668,-9.97380593392909,-4.7698024819558285,7.421414242017625,-8.965017269543916,-0.025062368311342426,0.04531697184826655
1.0,5.688303590423449,-9.973832768908363,-4.76952996903789,7.421601110034115,-8.965233908324084,-0.025059829857241363,0.04533221463559615
1.0,5.688342495391384,-9.973827683856092,-4.7694946306839014,7.421630145761959,-8.965257579689773,-0.025064188425011635,0.04533588158900966
1.0,5.686669464093821,-9.97361159084157,-4.770786316140568,7.420776572782896,-8.964241799114815,-0.025070811484029055,0.045328507869688096
1.0,5.68672220689027,-9.973606366142267,-4.770743936555597,7.420790824848452,-8.96428091120578,-0.025072388099109246,0.04532876133470008
1.0,5.68929151654361,-9.973921862114405,-4.768766239744476,7.422064344755213,-8.965852661526714,-0.025069885659199424,0.045324702184108875
1.0,5.687545921744201,-9.97370645896032,-4.770121026919093,7.421164079379795,-8.96478836620125,-0.025071940281093788,0.04531460970904426
1.0,5.688127979824461,-9.973762321918501,-4.769665317594477,7.421462450378456,-8.9651454510102,-0.025077971970008182,0.04532105733577593
1.0,5.687688252573093,-9.97368604260056,-4.769995310550696,7.421251330673299,-8.964879532479728,-0.025083548816972657,0.04533307317139601
1.0,5.68848051804105,-9.973770284139832,-4.7693922000342575,7.4216423807577305,-8.965360917129003,-0.02508728496477196,0.04533619815641565
1.0,5.686385577398901,-9.973502794121194,-4.771012847964692,7.420562781101881,-8.964088299588024,-0.025091534659811256,0.04532431404008864
1.0,5.685986742247522,-9.973460446227973,-4.771332775086059,7.420341322748446,-8.963843486988898,-0.025092091507423666,0.045314020521825954
1.0,5.68730464525733,-9.97360469451189,-4.770309662844944,7.421000226977311,-8.96465170358841,-0.025092078524662168,0.04532146833814648
1.0,5.688605522061427,-9.973737254124375,-4.769305415853481,7.4216433953574725,-8.965452847978195,-0.02508976423194796,0.045335602491205676
1.0,5.687828697176561,-9.973633823482896,-4.769904886796906,7.421240367885909,-8.964983582690452,-0.02509221819181687,0.04533300673598863
1.0,5.687614698818292,-9.973581175353557,-4.770066781126067,7.421119793676776,-8.964861691736123,-0.025093405486778922,0.045340013209283436
1.0,5.684959118948963,-9.973243921129624,-4.772121340803467,7.41975264070132,-8.96324860337463,-0.02509524827584612,0.045330621957782924
1.0,5.688123486652256,-9.97360621617782,-4.769672802670632,7.421344121573504,-8.96518934710126,-0.02509436009999918,0.045351323966222386
1.0,5.684758367327774,-9.973191162690334,-4.772279984188896,7.4196026726236,-8.963146014842218,-0.025097872157138323,0.04532825209593836
1.0,5.68640516239994,-9.973373415780745,-4.771009471881936,7.420422377427086,-8.964155081750414,-0.025102285856474633,0.04533693071798409
1.0,5.685716470361022,-9.973301704672638,-4.7715405371995185,7.4200735151908095,-8.963733203001274,-0.025104199571893363,0.04532318351532308
1.0,5.6874617341173295,-9.973491408914056,-4.770184178612175,7.4209678993551655,-8.964800519604516,-0.025109819879601855,0.04533840436877057
1.0,5.688993500549683,-9.973695647911804,-4.769009293511763,7.421744657916881,-8.965728480345604,-0.025112372680443397,0.04532800403221453
1.0,5.6898946360067235,-9.973809202464698,-4.768311021601613,7.422217765708653,-8.96627201441521,-0.02511320753050565,0.04533150613113327
1.0,5.68881692355592,-9.9736746583809,-4.769143149476839,7.421669841527828,-8.965616741752049,-0.025115869955514944,0.04532549912550467
1.0,5.688040001222718,-9.973556343937958,-4.769733342982252,7.42128029571953,-8.965152114377046,-0.02511836419313106,0.0453363497068045
1.0,5.686281517774,-9.973322468458626,-4.771097436123409,7.420351800413824,-8.964093401155642,-0.025122045908862016,0.045326356091527645
1.0,5.687949430329115,-9.97350377385958,-4.7698061462790236,7.421189421449396,-8.965116236346544,-0.02512318858229852,0.045342269701009824
1.0,5.688332946379627,-9.973540763761358,-4.76951268647243,7.421370906190853,-8.965351810064439,-0.025122045594742886,0.04534325889281358
1.0,5.6858693471484605,-9.973234451384368,-4.771416433718674,7.420108085473421,-8.963850816430387,-0.02512970443581899,0.04533088145530658
1.0,5.686401260470743,-9.973299574499029,-4.770998455335494,7.420388219640855,-8.964174003163881,-0.025130754996235277,0.04533434071827312
1.0,5.687342520227441,-9.973412182501304,-4.770269678324282,7.420870845541055,-8.964748153694908,-0.025131996560591327,0.045336194784021594
1.0,5.687450720527682,-9.97341359743306,-4.770184736908705,7.4209232985517986,-8.964818584871399,-0.02513828456184181,0.04533299325475366
1.0,5.688739916535864,-9.973572230451918,-4.769198210897891,7.42156099170067,-8.965604977605581,-0.02513657881231732,0.045330906450016265
1.0,5.68984813028254,-9.973703240656583,-4.768342696802628,7.422116122087504,-8.966283645574752,-0.0251371721967023,0.045332963798262925
1.0,5.689365831167351,-9.973636550897865,-4.768721872144973,7.421846443031851,-8.965996515963761,-0.025135614491142114,0.04532667807257009
1.0,5.689533983440406,-9.973656788922328,-4.7685906589537765,7.421922844532739,-8.966099504193993,-0.025136215449853762,0.04532311372243435
1.0,5.691022267643953,-9.973814587795866,-4.767429814475119,7.422676826531795,-8.96701369009212,-0.025142084832944927,0.04533721630894558
1.0,5.687770368704008,-9.973426279340309,-4.769954708310992,7.421004828410168,-8.965030057642648,-0.025147007513821765,0.04530413237785937
1.0,5.690729068024254,-9.973747958294956,-4.767658352439659,7.422509957937328,-8.966838756483124,-0.025146522555127723,0.04533755761889764
1.0,5.687849762713806,-9.97339780617536,-4.769894765531048,7.42102721956214,-8.965083800625578,-0.025145512506912108,0.04532211514545871
1.0,5.688955369773622,-9.97352077397208,-4.769043344223361,7.421570328435409,-8.965760900988895,-0.025143828000022142,0.04532720172391484
1.0,5.689957034752106,-9.973640399961775,-4.768268680688248,7.422070944541385,-8.966376094582952,-0.025141099704164047,0.04533148224693133
1.0,5.689465317772876,-9.973605674588002,-4.768662827479904,7.421796383754114,-8.966072570407144,-0.025139887764130075,0.04530467193672193
1.0,5.689285887058806,-9.97357687416368,-4.76880215540898,7.421689328957226,-8.965970204885954,-0.025135601704922607,0.04530782535316483
1.0,5.689834376265332,-9.97362238420204,-4.768367956440671,7.421975605981323,-8.966308400905682,-0.025145198948675708,0.045321555245956775
1.0,5.691919386388942,-9.973897737580838,-4.766761847849498,7.423042343845823,-8.967566605909113,-0.025150532386267428,0.04531374160651831
1.0,5.692034439350091,-9.973903853539882,-4.766666861130109,7.423103552062895,-8.967642791069217,-0.02514640209221063,0.04531859353231366
1.0,5.690946785596483,-9.973756008513181,-4.767511505357159,7.422540913515842,-8.966983470249582,-0.025149732445511084,0.045312895470079
1.0,5.691320649784291,-9.973800195948442,-4.767225696592883,7.42272546588003,-8.967212329839466,-0.02514996609603723,0.04531344313366947
1.0,5.691465126928937,-9.973799604642055,-4.767112804229722,7.4227854723474085,-8.967308189748382,-0.02514525382099432,0.045322592174338865
1.0,5.690766807632263,-9.973722474703298,-4.767664656272366,7.422402641770001,-8.966884293320724,-0.025147625561665877,0.04530263033545993
1.0,5.691834732778314,-9.973835361846485,-4.766835999876106,7.422935067784935,-8.967543444451884,-0.025149873428310973,0.04531322975963309
1.0,5.694021424620573,-9.974099493778684,-4.765145884372066,7.424039308539136,-8.968878915825757,-0.025147265597329865,0.04532050608054949
1.0,5.691053096530059,-9.973735081237187,-4.76744645525175,7.4225213601943105,-8.967072201129739,-0.025147741090161893,0.04530791824736309
1.0,5.6911824962271425,-9.973724113523668,-4.767335916291162,7.4225932486709345,-8.967159203503885,-0.025153122556086958,0.04532223081851204
1.0,5.6908444929572575,-9.973658893986043,-4.767596978935133,7.422410726920261,-8.9669601645644,-0.025152636374191246,0.045333755263629434
1.0,5.68960507547941,-9.973504830843856,-4.768563711671867,7.421766951596641,-8.966204299859037,-0.025162647017380697,0.04532033142644113
1.0,5.691165712405192,-9.973688524788676,-4.767354596290672,7.42256249327565,-8.967156097780466,-0.025161345110330902,0.045331740296076665
1.0,5.692717811509573,-9.97388434451833,-4.766156637309387,7.42334335385103,-8.968102702644858,-0.02516467318741034,0.04532642003138202
1.0,5.693133909659306,-9.973930034417304,-4.765829999414012,7.423568256571603,-8.968358677258557,-0.02516757536919733,0.04533248536831691
1.0,5.691771558404177,-9.973772779260981,-4.766885633407151,7.4228655561305805,-8.967525150679531,-0.025175935475310558,0.045309819029496885
1.0,5.6930229911415475,-9.973914947028794,-4.7659282917326875,7.423479988725174,-8.968287186777431,-0.025173896462211926,0.04531397190633966
1.0,5.692209302842862,-9.973803536427662,-4.766556346318525,7.42307260239946,-8.96779265804375,-0.025172979925970874,0.045318827138596716
1.0,5.692393625261659,-9.97382249333938,-4.766427118562588,7.423142022598423,-8.96790576331882,-0.025173590995784468,0.04531113260442247
1.0,5.693013824071003,-9.97389683243535,-4.765948713241608,7.423447146752254,-8.968284428719455,-0.02517286560092184,0.04530905581254181
1.0,5.692983973113822,-9.973879893198268,-4.765971179957731,7.4234266076745445,-8.96826858958443,-0.025179359147488815,0.045308894719803317
1.0,5.6921553747550995,-9.973761952552245,-4.76661028307317,7.4229984432921565,-8.967766100251062,-0.025188323120456782,0.045308380231240494
1.0,5.693591083109308,-9.973938062193541,-4.76550326236565,7.423732385789262,-8.968637091530967,-0.025184256669721204,0.045311858909449165
1.0,5.692503607260482,-9.973774069661314,-4.766346199596198,7.423157527218775,-8.967985538883605,-0.025179035304898772,0.045321781756632144
1.0,5.691845979591445,-9.973691178254398,-4.766863463605188,7.42280225962566,-8.967589339637103,-0.02517779496038037,0.04531228016037879
1.0,5.691987736749357,-9.973712318340018,-4.766755634847149,7.42286937834857,-8.967676559263193,-0.025178375305618686,0.045306928087626444
1.0,5.692189074620781,-9.973725326155376,-4.766605982790065,7.422950326833865,-8.967806572835666,-0.025175179086128333,0.04531072477427259
1.0,5.693762514176819,-9.973904743467152,-4.765382314807371,7.423751934398554,-8.968769093222429,-0.025176730928409212,0.04532117236715505
1.0,5.69025600561973,-9.97344508040593,-4.768086218898107,7.421959865160033,-8.966641238203499,-0.025184001682316663,0.04531891911809103
1.0,5.691281710580434,-9.973573819305903,-4.767296701527045,7.422483124423444,-8.967262657697054,-0.025184906175905356,0.04531831114391784
1.0,5.691980191034326,-9.973653121184883,-4.76675500720556,7.422831506707709,-8.967689519855282,-0.02519150476998914,0.04531617515402374
1.0,5.692543872821099,-9.973717258695933,-4.766317777364884,7.423119685505177,-8.968032664985545,-0.025192437478307468,0.04532067518192769
1.0,5.691608503478292,-9.97357289504916,-4.767038465689667,7.422641065174184,-8.96746867427746,-0.025201354428636278,0.045329267943339004
1.0,5.691411170001753,-9.9735296107113,-4.767186846815122,7.422542223515678,-8.967353347749832,-0.025204020380651438,0.04533988422519587
1.0,5.691106160165501,-9.973482270826866,-4.76742835835208,7.422369706949551,-8.96717051545877,-0.02521033356814522,0.04533748630903377
1.0,5.687970880107031,-9.973115787324128,-4.769868174242618,7.420749442817022,-8.965258568745597,-0.0252119518072139,0.04530460625819226
1.0,5.690212779359409,-9.973359764159401,-4.768127169147655,7.421890008225766,-8.966630799062024,-0.025213466663834224,0.04532687136696641
1.0,5.690831981129803,-9.973433373147273,-4.76764525083936,7.422210099501155,-8.967004354409776,-0.02521374341910146,0.04533164742722259
1.0,5.690413961705188,-9.973381920302655,-4.767968153286603,7.421999250662645,-8.966750546897966,-0.025213702756107913,0.04532343936660515
1.0,5.692481428827597,-9.973614136244386,-4.766370962552646,7.423033083563086,-8.968014801765678,-0.025214021936918515,0.04533617900067795
1.0,5.6890353687965245,-9.973191634433935,-4.769041815231112,7.4212666194163965,-8.965917359608598,-0.025219120365029993,0.04531526464154692
1.0,5.68834138773793,-9.973069729988614,-4.769575115570452,7.420886454971176,-8.965509490913163,-0.025220082912182328,0.04532270607555105
1.0,5.689612976066167,-9.973194341144263,-4.76858427326862,7.421529292925878,-8.966289182856835,-0.025224292569908643,0.04534513769138724
1.0,5.690272579824681,-9.973290079062087,-4.768078815073354,7.4218528803821675,-8.966691146188616,-0.025228213814382238,0.0453302550858631
1.0,5.688584348716624,-9.97307451336245,-4.769389707354469,7.420977699502105,-8.965667893742326,-0.025231951425653376,0.045321310947268725
1.0,5.689239112354088,-9.973162353387378,-4.768894439040734,7.421303668667454,-8.966060667232057,-0.02522805912813653,0.04531756005410869
1.0,5.691042858630809,-9.973362354994798,-4.767494841363987,7.422219575860972,-8.967165022223499,-0.025226733476747865,0.045335762951642045
1.0,5.689526120040843,-9.973158683865027,-4.768668044213328,7.421431747812697,-8.966244207325914,-0.025235143585528707,0.04533083655314056
1.0,5.690205300637955,-9.973224274457637,-4.7681498083900795,7.421745850052246,-8.96666933334359,-0.02523258289263191,0.04533642362414634
1.0,5.69094592490389,-9.973310721463784,-4.767578162580364,7.422114137487794,-8.96712399886954,-0.02522727221670591,0.04534078208164746
1.0,5.689772929820721,-9.973176420353408,-4.768495180639725,7.4215032610113205,-8.966406228240283,-0.02523136302822356,0.04532133122445051
1.0,5.6880008254463075,-9.97291860741245,-4.769862271186527,7.420580928944608,-8.965341975672422,-0.025234572029446338,0.045329798265847224
1.0,5.690315612948335,-9.973172959137141,-4.7680684903603465,7.421760053368184,-8.966757240065883,-0.025235698314208778,0.045357576270546145
1.0,5.688569983346738,-9.97292881374231,-4.769415480807266,7.420854487068143,-8.965706476215688,-0.02523839382268811,0.04536055287489842
1.0,5.688959888357247,-9.972961267701411,-4.769116843524147,7.4210406029132665,-8.965949069790014,-0.02524314452629677,0.0453616357625567
1.0,5.688954274249552,-9.972966725605815,-4.7691259189243285,7.4210158928564125,-8.965949434321688,-0.02524522810487181,0.04534967927092888
1.0,5.68947285733384,-9.973022451369092,-4.76873431808561,7.421248604979683,-8.966269716894931,-0.025242392490782514,0.04534810856964628
1.0,5.6886548220903075,-9.972905833499155,-4.7693619689136275,7.420827067268095,-8.965777488908564,-0.025246691142463015,0.045351115453866095
1.0,5.688911785050518,-9.972927242540601,-4.769168771950234,7.420942652266994,-8.965936884745368,-0.02524553118303857,0.04535242567466355
1.0,5.688754576456378,-9.972915048310124,-4.769295445271014,7.420864748554788,-8.965838708768189,-0.025247716676640976,0.0453456164789939
1.0,5.687099303100646,-9.972712833141891,-4.770576431349513,7.420020284086224,-8.96483076348557,-0.02525171235647531,0.04533474803734556
1.0,5.689411169574379,-9.972971812662765,-4.768781554642654,7.421203298547319,-8.966245090559452,-0.025255268455975022,0.04535748769120279
1.0,5.685952292601119,-9.972542769230227,-4.771455624948249,7.419457524179256,-8.964134662603184,-0.025256961245004594,0.04534805192562217
1.0,5.687693619001201,-9.972753770175009,-4.770116947274284,7.420340402369473,-8.965193255419852,-0.025256792974650548,0.04535241675606927
1.0,5.6876675324488595,-9.97273324941176,-4.7701436264954555,7.420314110421613,-8.965181054099737,-0.025252576428616006,0.04536110584060797
1.0,5.6871880915301105,-9.972656967306001,-4.770511856250584,7.42005766339609,-8.96489617583738,-0.025256641201823495,0.045360546867399924
1.0,5.688263415286888,-9.97277158871471,-4.769682833551991,7.420585775142213,-8.965559026247139,-0.02525487775691073,0.045369881680253195
1.0,5.688482468654415,-9.972797531617443,-4.76951255844518,7.420703645797143,-8.965690221029515,-0.0252626833847399,0.04536271804865187
1.0,5.687947245293363,-9.972742580412895,-4.769939632688861,7.420413729863782,-8.965362585106655,-0.025262731180586667,0.04534769722725551
1.0,5.690037016372223,-9.972990276404206,-4.768326152888121,7.42147402289929,-8.966635578834262,-0.025264123096171463,0.045356005423077626
1.0,5.690021372522589,-9.972982919091391,-4.768339431553235,7.4214597171499745,-8.966628780104854,-0.025264056079723467,0.045353907128129534
1.0,5.68946683462223,-9.972929959554099,-4.768768681474873,7.421205899824557,-8.966279959843492,-0.025273149858067747,0.045343461178919034
1.0,5.6910788831224,-9.973144739969129,-4.767537437336726,7.422002168687722,-8.967260331557148,-0.025270806203987695,0.04533179507720897
1.0,5.690982568498791,-9.97310700835499,-4.767617406938494,7.421916683178613,-8.967213665187343,-0.02526877659001375,0.045338157565144845
1.0,5.691337337082426,-9.973124760919266,-4.767330060675844,7.4221009359123356,-8.967441261329077,-0.025268071716652105,0.04535335873728904
1.0,5.6931907370688615,-9.973340996230739,-4.765895499708067,7.423036576877799,-8.968573914283168,-0.02526809101031154,0.04536271494077875
1.0,5.68911608018716,-9.972861576104485,-4.769060773781681,7.420942064049843,-8.966086418924945,-0.025267345588258147,0.04532437889583709
1.0,5.6919285805090345,-9.973194485773174,-4.766879020136029,7.422377180501407,-8.967806133866643,-0.025260362918049634,0.04534665987100313
1.0,5.691573376684307,-9.97314361476909,-4.7671622469475485,7.422177727351149,-8.967592743491114,-0.025261106535400358,0.04534242115020739
1.0,5.691985675163448,-9.97322238128784,-4.766849620991344,7.422384111641704,-8.9678401158592,-0.02526189659972952,0.04532036362620117
1.0,5.691306449040237,-9.973132005837194,-4.767372216346092,7.4220382744262485,-8.967427635673772,-0.0252667297405608,0.04531480322438004
1.0,5.694041229561364,-9.97345658614246,-4.765263114326382,7.42341243293794,-8.96909826491817,-0.025263583701944713,0.04532656969942353
1.0,5.6914211683467135,-9.973147544103329,-4.767291715910458,7.4220738357113545,-8.967500278642603,-0.025267852944282704,0.04530374387032511
1.0,5.694098430611978,-9.973447291136152,-4.765220521894424,7.4234269190393,-8.969138900819376,-0.02526710397717276,0.04532930564785184
1.0,5.690629609037481,-9.973002292882837,-4.767895217034712,7.421657290606061,-8.967031863153588,-0.0252723332311185,0.04532491123079767
1.0,5.694563558481758,-9.973462185182138,-4.764851788635407,7.423666882222272,-8.969431917795612,-0.025271359382538907,0.04535433564737395
1.0,5.6938981145607945,-9.97339808342625,-4.765383156983418,7.4233013233043055,-8.9690223802109,-0.025275468522992187,0.045325796143079175
1.0,5.693878606975853,-9.97338874246188,-4.765391676811309,7.423299834177228,-8.96900940959742,-0.025281768706949034,0.04532874668786529
1.0,5.694029554037984,-9.973399196158361,-4.765281352541388,7.423353421699936,-8.969105255547214,-0.025286042563878453,0.045321732261334347
1.0,5.69306324829682,-9.973278353531965,-4.766032551846874,7.422845318652884,-8.968518252130423,-0.02529103185078049,0.045309412647960456
1.0,5.694414755907117,-9.973419654432648,-4.764990301351432,7.423514827518691,-8.969349629885278,-0.025293774755334716,0.04531884908176546
1.0,5.695623778708739,-9.973571711085203,-4.7640596892268166,7.4241143171547455,-8.9700896466096,-0.025289353600228704,0.045319890470526314
1.0,5.696467793293017,-9.973655994996706,-4.763411527410881,7.424526065869474,-8.97061149748453,-0.025288617810264428,0.045326525103670696
1.0,5.695537939990133,-9.9735388260921,-4.764143711759331,7.424016958671572,-8.970051745850958,-0.025285547701122665,0.045313225217715115
1.0,5.697615056206563,-9.97379745318706,-4.762551106351327,7.425043904588472,-8.97132007236549,-0.025286536152994043,0.045305052767151154
1.0,5.69690610111462,-9.973726710801587,-4.7630976420022355,7.424687652008027,-8.97088459894868,-0.025287301106498922,0.04529436404934741
1.0,5.698279936434752,-9.973877860464786,-4.762033980522724,7.425390960307748,-8.97172250184886,-0.025287156776288258,0.045312846921820756
1.0,5.697728071992777,-9.973812927976176,-4.762458570953268,7.425118296178683,-8.971384187509702,-0.025290211248349896,0.04530691816523203
1.0,5.700059824178812,-9.974089013718046,-4.760654535302464,7.426310733239945,-8.97280605169753,-0.025291901045354257,0.045321273829793104
1.0,5.6983803350541775,-9.973877248470277,-4.761954701175471,7.425438281703087,-8.971788595230564,-0.025289776164509514,0.04531494205859446
1.0,5.697506734896524,-9.973774908770466,-4.762636740578784,7.424988426798287,-8.971252831878227,-0.025296252703808406,0.045302821405257446
1.0,5.696927808297976,-9.973684006458083,-4.763077705409878,7.424690467210543,-8.970907855324416,-0.025301314799245286,0.04530610614292195
1.0,5.696988011881171,-9.973678883053417,-4.763029480281154,7.424715937311611,-8.970947866813974,-0.025301098366812328,0.04531297577086874
1.0,5.696918767896381,-9.973661532722245,-4.763081245903206,7.424683531280859,-8.970905632314235,-0.02530601569164758,0.04531565895153251
1.0,5.696631441260854,-9.973612506898293,-4.763309576007622,7.42452444767222,-8.970733190433075,-0.025307808319801842,0.04531758295369035
1.0,5.695951656250169,-9.97352055270121,-4.763830702159565,7.4241848235208625,-8.970322028622155,-0.025311505021491848,0.04531974686287138
1.0,5.694284132319189,-9.97330284562304,-4.765112781866636,7.42334181529949,-8.969307523768986,-0.02531610640757473,0.04532393221975891
1.0,5.694360974751259,-9.973296489593956,-4.76505589992692,7.423365317717473,-8.96935788391222,-0.025315486169583536,0.0453291706610675
1.0,5.695510979254745,-9.973442077564853,-4.7641769371021745,7.423930604975071,-8.970060703892885,-0.025314384703715057,0.04532329279772191
1.0,5.695909171570085,-9.973496421281114,-4.763860749307633,7.424146828444876,-8.970300771295497,-0.025309260491459092,0.045324312774903494
1.0,5.695101081439919,-9.973393903218314,-4.764488507561574,7.423722626094894,-8.969811617740936,-0.025309636138546303,0.045316182603392825
1.0,5.69549472262591,-9.973401761428038,-4.7641816632982525,7.423887510569596,-8.970067500143285,-0.02530596672996762,0.04533439158249439
1.0,5.695210056691969,-9.973368534106157,-4.764405781997792,7.4237413799902505,-8.969890909638561,-0.025301663609563988,0.04533152911503413
1.0,5.6939947942246745,-9.973176645415327,-4.765340791517744,7.4231073098207725,-8.969165543829492,-0.02530184751394193,0.04534669705849969
1.0,5.692246446773695,-9.97295966168861,-4.7666982539129865,7.422192859591802,-8.968108817303944,-0.02530378565201281,0.045334061767508836
1.0,5.691481261068679,-9.972860293942789,-4.7672956392101264,7.421792449089923,-8.967642565680555,-0.025302646115108646,0.04533084331145344
1.0,5.6903047745874895,-9.97268302219686,-4.768202204222818,7.421172774755744,-8.966939093853853,-0.025308748823876376,0.045336394839988574
1.0,5.6942108481145475,-9.97314032193537,-4.7651783291065595,7.423155935703544,-8.969325514447512,-0.025308834053815916,0.04536387448957402
1.0,5.6923302824678395,-9.97292064292895,-4.7666372355743745,7.422175249425555,-8.968181907174447,-0.025312179121911964,0.04534004317899076
1.0,5.692798045914578,-9.972946915566995,-4.766267119306632,7.422411236141893,-8.968477082015323,-0.025308346164229122,0.045357688038210955
1.0,5.691365634610037,-9.972757127103291,-4.767377531854063,7.421664257734057,-8.967607531627827,-0.025308207227522,0.04535227872077479
1.0,5.690663295641616,-9.972652415911794,-4.767915286420982,7.421309860393751,-8.967185207208432,-0.02530900825389484,0.045364756340504256
1.0,5.689664119569726,-9.972551887198343,-4.76870710137929,7.420780258097741,-8.966570617900413,-0.025302106285733716,0.04534194050122277
1.0,5.690518192456214,-9.972626062246112,-4.768042278446299,7.421189619220674,-8.967104466179213,-0.02530030200614185,0.04535541394762731
1.0,5.6909055093293635,-9.972671238273715,-4.767748706876904,7.421369544779051,-8.967344532978752,-0.02529577813401369,0.04535455638141674
1.0,5.6904403868332425,-9.972593205608987,-4.768102724013786,7.421130629067474,-8.967065736719277,-0.025296073134583357,0.04536241894294635
1.0,5.690610515793594,-9.972628679489032,-4.7679806152538875,7.421200861733908,-8.967168704470122,-0.025293678146478146,0.045350648114700916
1.0,5.689847324099384,-9.972527082140084,-4.768575680256736,7.420796328385022,-8.966710702381963,-0.025296016386804804,0.04534405312231244
1.0,5.692170253638506,-9.97278422207444,-4.766771538264779,7.421977634193175,-8.968131381192231,-0.02529766324341976,0.04537121586401973
1.0,5.690869911121762,-9.972623458405291,-4.76778235697239,7.42131061924595,-8.967339997923597,-0.025300153579039555,0.04535995008197625
1.0,5.691196600479353,-9.972647860090225,-4.767525192352544,7.421491805916504,-8.967536806018002,-0.025307545362904364,0.0453716475482497
1.0,5.690237029649434,-9.972529290417102,-4.7682732497453495,7.420992308362563,-8.966953642423919,-0.025310225034722605,0.04536209639534945
1.0,5.688407185306327,-9.972302783574728,-4.769693167232337,7.420052814970405,-8.965839610302414,-0.02531292886265933,0.04534848380240831
1.0,5.689450685889481,-9.972431104465091,-4.768887334535298,7.420587176401418,-8.966474935629924,-0.02531388237945829,0.04535137410243382
1.0,5.690696256749442,-9.972574362057339,-4.767917554232952,7.421233484174124,-8.967235072525707,-0.025318307137075384,0.045360196437480994
1.0,5.689520481391657,-9.972418926955859,-4.768821495590292,7.4206384597124,-8.966521095987977,-0.025320374097002003,0.045360104390935865
1.0,5.687175677419706,-9.9721227667559,-4.770642064499058,7.419419586159166,-8.96509747067261,-0.025322586309045356,0.04534613610190107
1.0,5.690456011553289,-9.972491913453116,-4.768091054383585,7.4210967912225545,-8.967106969578355,-0.025321794456375363,0.0453772292165831
1.0,5.688493812076989,-9.97223985348917,-4.76960799323582,7.420094847611557,-8.96591249523217,-0.02532643582794068,0.04537232214890777
0.0,5.688493812076989,-9.97223985348917,-4.76960799323582,7.420094847611557,-8.96591249523217,-0.02532643582794068,0.04537232214890777
1.0,5.687970234469164,-9.972172822155395,-4.770019292047329,7.419800265588099,-8.965599804223208,-0.02532290082150241,0.045363395957989196
1.0,5.690669657614482,-9.972480246747079,-4.767933624547584,7.421150262517897,-8.967252997930311,-0.025326033081453564,0.04537561136942279
1.0,5.688717983777923,-9.972231377497708,-4.769445932537384,7.420151421343327,-8.966062047895909,-0.025331942346526075,0.04536596438200976
1.0,5.688737954553244,-9.972228828390842,-4.769436380781285,7.420148830064164,-8.966074361205406,-0.02533364074581181,0.04536453790454279
1.0,5.691246384546633,-9.972550396736542,-4.7675036055146585,7.42141873248859,-8.967601639155156,-0.0253293640386345,0.04536263067955291
1.0,5.691323694994875,-9.972544455439696,-4.767449632132732,7.421448713052594,-8.967650985804163,-0.025326322113617173,0.04536943228618257
1.0,5.690529284183614,-9.97246359558126,-4.76807271304554,7.421023720539281,-8.96716865302391,-0.025322650290937925,0.04534979686605709
1.0,5.692640803518724,-9.972715140309607,-4.766445385349543,7.422081187909777,-8.968461502740132,-0.025323072486297435,0.04535350735249246
1.0,5.693096966866291,-9.972737721963217,-4.766088229160094,7.422303108969731,-8.96874920882493,-0.025325939618202252,0.0453684472507829
1.0,5.693721418532018,-9.972840743238923,-4.765614548838151,7.42260560827027,-8.969125327523928,-0.02532549838478033,0.04534547546865041
1.0,5.693100534896995,-9.972740511100637,-4.7660935976134775,7.422261315465051,-8.968760503270467,-0.02532078582160885,0.045350519209586646
1.0,5.693367271113641,-9.972763121813225,-4.765883673094364,7.422393432818335,-8.968926954182555,-0.025318339030367277,0.045358296238648184
1.0,5.6925471316489205,-9.972664124893255,-4.766528269782922,7.42195511070094,-8.968427010082378,-0.025318865384146447,0.04534744260113022
1.0,5.691768260797008,-9.972546669533083,-4.767129502525982,7.421549986637935,-8.967957308491096,-0.02532113342277385,0.04534967610087173
1.0,5.69148773414651,-9.972472037877834,-4.767343685717223,7.421383123772927,-8.967798509879978,-0.025319317245906296,0.045367429883605696
1.0,5.6904893288656915,-9.97234851869239,-4.768115119450648,7.420868690747098,-8.967192020308126,-0.025321383602274095,0.045359137944712455
1.0,5.690765066204338,-9.972379857445496,-4.7678979947745646,7.4210141366052165,-8.967360484805765,-0.02532894918002759,0.045359546222196366
1.0,5.692742141572196,-9.972616242897482,-4.766378509088723,7.422001278576529,-8.968570535407032,-0.02532695956712823,0.04536162565322626
1.0,5.693096755188341,-9.972651026046313,-4.766102307176956,7.422171422731235,-8.968792354224824,-0.025328133840005165,0.045361692876899236
1.0,5.6926336025585735,-9.972586329578048,-4.766464042360508,7.421918109486876,-8.96851433232242,-0.02532846725321219,0.04536196505688095
1.0,5.693441551724182,-9.972694183104053,-4.765846025268251,7.422325431675004,-8.96900403039627,-0.025329292158534557,0.045354468718613414
1.0,5.694361547030127,-9.972801814202883,-4.7651415383905364,7.422771299299739,-8.969569135134302,-0.025326262976372138,0.04535311763526809
1.0,5.695647168108448,-9.972979695793743,-4.764162253811015,7.423401533049989,-8.97035107189327,-0.025323859317247052,0.045333747318075594
1.0,5.695966504259764,-9.972990339974265,-4.763907274913242,7.423539098255532,-8.9705607373627,-0.025325703021142815,0.04534218157646176
1.0,5.696741219374053,-9.973074932255294,-4.763308645290385,7.423925456165091,-8.971038478736663,-0.025323552456734857,0.04534976237815513
1.0,5.69672155432418,-9.973063277792567,-4.763322935427089,7.4239195732202345,-8.971028537103136,-0.02532301304664641,0.045356245811034854
1.0,5.696490474328155,-9.973018811353967,-4.763501754553781,7.423790438907114,-8.97088903079838,-0.025331343323939496,0.04535651305688942
1.0,5.69508051800578,-9.972871518961341,-4.764605859802029,7.423047289848993,-8.970024227707258,-0.02533265630127523,0.045325689599528415
1.0,5.6993894418978766,-9.973384122331048,-4.761270345827655,7.4252442438706066,-8.972653308303624,-0.02533215725002812,0.0453521157429803
1.0,5.697308670460165,-9.973134272463199,-4.762888539506316,7.424150764500101,-8.971390814676422,-0.025333962138876707,0.04532748155657864
1.0,5.699560816173973,-9.973397094077315,-4.761141126280504,7.4253127514118855,-8.972764083177372,-0.025331996217345068,0.04534678318099704
1.0,5.696782586472264,-9.973051690842674,-4.76329588345832,7.4238841225532,-8.971072727816667,-0.02533099431489988,0.04533322846716732
1.0,5.698367674939413,-9.973246420881601,-4.762072491215029,7.424689855435294,-8.972037975552352,-0.025333471924398904,0.045333737703006576
1.0,5.697865045196741,-9.97317692418078,-4.762470200388667,7.424412768332243,-8.971735118042215,-0.025336299612708713,0.04532375773729059
1.0,5.70047583677364,-9.973474867548036,-4.760451961260456,7.425729179385594,-8.973332483282558,-0.0253378406509844,0.04534052346580963
1.0,5.70081402820464,-9.973516556532326,-4.760202135864153,7.425877369992161,-8.973537532359186,-0.025336800944259462,0.04533289541287806
1.0,5.697387759110381,-9.973098342862095,-4.762865348506059,7.424108568526582,-8.971449245757585,-0.02533736442058885,0.045308652497861
1.0,5.6988007674681445,-9.973241314705021,-4.761763665542525,7.424827523836511,-8.97231821221274,-0.02533878004458137,0.04532855991314578
1.0,5.699353236494515,-9.973280945816713,-4.761333896681769,7.425107953144754,-8.972659621155323,-0.025340874989218696,0.04534440391483844
1.0,5.695825599238382,-9.972841613164027,-4.764068395276401,7.423285305531147,-8.970514960685172,-0.02534126519960294,0.045326553265505054
1.0,5.697244081932407,-9.972989003934035,-4.762967498807631,7.423998629299786,-8.97138715362905,-0.02533933838205138,0.045346327941343745
1.0,5.6966656983999115,-9.97292991741179,-4.763414724333732,7.423702982207578,-8.971033130876448,-0.02533880630054423,0.045338599113986834
1.0,5.695790155595961,-9.9728017728756,-4.764091178647051,7.4232418867704375,-8.970508914732468,-0.025338843993014695,0.04534687423740787
1.0,5.696612662560483,-9.972902976594154,-4.763462765697494,7.423654574466741,-8.971008524677654,-0.025338927646554387,0.04534704033019823
1.0,5.695122291899759,-9.97273428310857,-4.764623758757418,7.422888811212367,-8.97009482162681,-0.025345182462251755,0.045323918371533274
1.0,5.698755758527005,-9.973155186821977,-4.761810302580949,7.424732221608423,-8.972314323890474,-0.02534440891203455,0.04534739775378522
1.0,5.697700218214658,-9.973028049416357,-4.762631522692976,7.4241800164403635,-8.971672307996501,-0.025346575712369902,0.04533835858695236
1.0,5.697828515077359,-9.973030188925739,-4.762528055488925,7.424229722134358,-8.971759180908874,-0.025347384618278707,0.045343750272388426
1.0,5.697048953531409,-9.972919713418507,-4.76313032705577,7.42382180854499,-8.971287181030796,-0.02534874409559003,0.045342714726567625
1.0,5.695900775067676,-9.972780009568625,-4.764021911024459,7.423220271523229,-8.97058939285581,-0.025352729560616665,0.04532622112914439
1.0,5.698324209161926,-9.973066705279074,-4.762146785700229,7.42444833931011,-8.972068999012748,-0.025354562457374767,0.045337037327422496
1.0,5.6995285956633825,-9.97319919646284,-4.7612143570137695,7.42505950950923,-8.972802797024219,-0.025360631406954715,0.045344302897607595
1.0,5.697145171161242,-9.972894716882758,-4.763055330225917,7.423824256436215,-8.97135875198763,-0.025361662957443364,0.045336531134768265
1.0,5.697471045313052,-9.97292001504169,-4.7627986910080296,7.423997348802977,-8.971558326228363,-0.025368451199346706,0.04534175306484517
1.0,5.69759519692125,-9.97292517556655,-4.762698684486686,7.424063286406845,-8.971637954828996,-0.025369400587306107,0.04534825630002727
1.0,5.69658748471036,-9.972797461442616,-4.763477203450225,7.4235457640874545,-8.971024137256821,-0.02537418351767548,0.04534170302857564
1.0,5.696659410803486,-9.972793681660274,-4.763417590114311,7.423579666879945,-8.971072977050973,-0.025371491627229417,0.04535024019179979
1.0,5.697063689706727,-9.972853655781325,-4.763114606897808,7.423786208912161,-8.971311440320054,-0.02537835123092633,0.04533941219964947
1.0,5.696447348551742,-9.972759241035098,-4.763601299024101,7.423448457253564,-8.970940627239955,-0.025374565052635748,0.04534255141081512
1.0,5.698264842995068,-9.972997293978459,-4.76220921918963,7.424353870051727,-8.972047174612015,-0.02536647023069412,0.04533629910596903
1.0,5.698680828816228,-9.973037219182892,-4.761884912080142,7.424565573216773,-8.9723014479685,-0.025372373406176808,0.045342201703547066
1.0,5.7012478046740656,-9.973346973428718,-4.759901518983297,7.425867040388576,-8.973863946036866,-0.02537442841361462,0.04535124369679973
1.0,5.699052130663915,-9.973071141797945,-4.761605399101154,7.424726127494655,-8.972527618878763,-0.025378644065159474,0.04533540552049532
1.0,5.699734569450947,-9.973162941537264,-4.761088150391392,7.42505410180766,-8.972942598751844,-0.025375095175299404,0.045326951335409475
1.0,5.699698545779466,-9.973125727041069,-4.761108025620706,7.425027941982569,-8.972930188871642,-0.025378658935448252,0.04534192900484126
1.0,5.7000012234789486,-9.973142495773665,-4.760881649404494,7.42515757079074,-8.97312217024299,-0.02538060506871508,0.04534545402823997
1.0,5.6995462739249785,-9.973089492554607,-4.761232876243581,7.424919231238757,-8.972845605987478,-0.025384114937522594,0.04533613437793272
1.0,5.702174625025976,-9.973409609422857,-4.7591982090398,7.426254853236411,-8.974450890641714,-0.025384961498148926,0.04534368251568054
1.0,5.700935027738837,-9.973265951866278,-4.760162651859894,7.425616339861704,-8.973692995191742,-0.025384727974123552,0.045327461630132335
1.0,5.698752923370306,-9.972988874233232,-4.7618519995888455,7.424484846128384,-8.972368791678356,-0.0253876830729629,0.04531718028260438
1.0,5.7018890155460165,-9.973377269259347,-4.7594315820403255,7.426077070629998,-8.974278093100477,-0.02538437027928112,0.045325356964833294
1.0,5.700905903253986,-9.973250124076154,-4.7601940194867645,7.425572695690774,-8.973680011043047,-0.025388199122978204,0.04532020742427904
1.0,5.698781227319316,-9.972958889401417,-4.7618289769610564,7.4244686576152725,-8.972401618308076,-0.025387518497167444,0.045327486734099066
1.0,5.6991187334695725,-9.972980288095368,-4.761567101157978,7.42463351400162,-8.972612502372149,-0.0253858788401402,0.045339270998289306
1.0,5.700283926554051,-9.97312515709262,-4.760667553153738,7.425215523028775,-8.973326942871491,-0.025388443268712205,0.04533564896949127
1.0,5.700173477086418,-9.973104867842197,-4.760754092878011,7.425163907399789,-8.973260251038408,-0.025387593814053803,0.045341898270228165
1.0,5.6992206677151875,-9.97296471556015,-4.761487625336826,7.424672854806809,-8.972688100007536,-0.025383768409273637,0.04535153669301019
1.0,5.698705028050968,-9.972892943716701,-4.761889629386379,7.4243966830199,-8.972376659808669,-0.02538470701436097,0.04535367843644884
1.0,5.698750052307948,-9.972891749073897,-4.761854525788243,7.424421502757985,-8.972402885343643,-0.025386929762429882,0.04535484065970726
1.0,5.698527842796729,-9.972849210437147,-4.762032846680974,7.424279518906516,-8.972276238351599,-0.025385201335989198,0.04535356784839735
1.0,5.697744939602701,-9.97274916312706,-4.762640272426292,7.423871265184725,-8.97180052478713,-0.025392617844170646,0.04534539548356303
1.0,5.697304138322575,-9.97267750306158,-4.762982726197193,7.423622171090499,-8.971541613478466,-0.025390716060660134,0.04534908811396739
1.0,5.696911810203833,-9.972613885499467,-4.763279661125923,7.423434983205235,-8.971305488231481,-0.02539746911320841,0.04535357599249338
1.0,5.694970769307387,-9.97235853211001,-4.764783305270425,7.422425227689451,-8.970130076874677,-0.02539926313323454,0.04534964272629498
1.0,5.696012895902887,-9.972442588369956,-4.7639688814524135,7.422949714943114,-8.970777116349215,-0.025396537866710575,0.045378035592383834
1.0,5.6966181082934275,-9.972524958585627,-4.763497972725469,7.423264964058709,-8.971144185531278,-0.025397833783689344,0.045373991423623715
1.0,5.6960163878453525,-9.972465191805927,-4.763977377804987,7.422944352808646,-8.970772355944975,-0.02539890239892379,0.04535264010175091
1.0,5.698830887639291,-9.97279905327823,-4.761802861114941,7.424370281092606,-8.972489393148305,-0.025400014019038963,0.04536360909924018
1.0,5.698632197009747,-9.972806856478853,-4.761973448468152,7.424253509535088,-8.972357932691327,-0.02540026198890048,0.04533516273236928
1.0,5.698445689517689,-9.972764261660993,-4.762104615950607,7.424174519541146,-8.972246952033974,-0.02540479759515347,0.045346586385204765
1.0,5.698681911753824,-9.972769608444398,-4.76191686725856,7.424290133443116,-8.972393638917765,-0.02541247477135509,0.045353760050246196
1.0,5.697881771909104,-9.972658270014065,-4.762531479816538,7.423882264964957,-8.97191179933564,-0.025414170234951475,0.04535695175176638
1.0,5.695540324001983,-9.972373671116427,-4.764348623519464,7.422676306832954,-8.970484126324669,-0.025411873139952038,0.045344171943892085
1.0,5.696932738355736,-9.972538762513095,-4.763274815670414,7.423374760459307,-8.971336201588077,-0.02541191603498851,0.04534804072286836
1.0,5.697279142203902,-9.972560745149986,-4.763004999169933,7.4235318697212005,-8.971554853367861,-0.02541119105957472,0.045358923353661054
1.0,5.696457184664555,-9.972456809735164,-4.763636326215276,7.4231037446415735,-8.97105953891398,-0.025407112209578756,0.04535401538495437
1.0,5.697305301201771,-9.972543264969948,-4.762978281670212,7.423520830029273,-8.971586059377902,-0.02540263000333978,0.04536475731570995
1.0,5.696669137320158,-9.972479968247265,-4.763479908752398,7.423181924007671,-8.971198231282656,-0.025400396063684345,0.045347115945354344
1.0,5.697695149284089,-9.972595909592217,-4.762686650309825,7.423688616882374,-8.97182912581341,-0.025398155633413334,0.04535418363613319
1.0,5.697513230495998,-9.972566707659087,-4.7628369562916415,7.423563781316442,-8.971724239457313,-0.02539897132561027,0.045346584724834306
1.0,5.699345134173511,-9.97278231434945,-4.761418959055311,7.424492233219086,-8.972842703198562,-0.025401334550470278,0.045352021073109
1.0,5.700321383459639,-9.972899348473089,-4.760659064217265,7.424986155916498,-8.973444568672493,-0.025400378353661816,0.04535573456024659
1.0,5.699236166333389,-9.972754351163337,-4.761502504465021,7.424404277423541,-8.972792052667987,-0.02539907741217089,0.045349704976429026
1.0,5.701258672323762,-9.972990665878166,-4.759946594136657,7.425415409679532,-8.974027472761403,-0.025402221525570493,0.0453503767716503
1.0,5.69971892692498,-9.972783985813024,-4.761146730734941,7.424591038094838,-8.973099274037539,-0.02540340217053608,0.045345668233051875
1.0,5.6989008930816185,-9.972658104071032,-4.761777739977899,7.424160948724762,-8.972605768356662,-0.025399241620881224,0.04535735467670096
1.0,5.697805062699987,-9.972527827569653,-4.762627797057903,7.4235983982549225,-8.971936376361105,-0.025404778015310592,0.0453460489507448
1.0,5.698057276605742,-9.972542899292566,-4.762436890877207,7.423702267201068,-8.97210103709149,-0.025398740679786383,0.04535047246195461
1.0,5.698424331359392,-9.972570770887335,-4.7621577632380765,7.423869736132809,-8.972331190325372,-0.025395417932379982,0.04535484441560878
1.0,5.699636155389671,-9.972733824510602,-4.761229824385388,7.424479517415382,-8.9730637468592,-0.025398735523772663,0.04534414891287574
1.0,5.701038199109557,-9.972905152418456,-4.760160594895241,7.425161384833777,-8.973922173003475,-0.025392481874810663,0.04534137045837739
1.0,5.6998366298451515,-9.972752800518588,-4.761085642921665,7.424547257842299,-8.973194109380621,-0.025395155151664968,0.04533916036354805
1.0,5.701570406150729,-9.972960572611283,-4.7597432851415915,7.425428209299403,-8.974249990885301,-0.02539462122015031,0.045346659189190286
1.0,5.700285529988721,-9.97279346373752,-4.760741152745879,7.424755530429894,-8.973472062956231,-0.025397254241625977,0.045339692779425074
1.0,5.701112179334219,-9.97288601060105,-4.760102205271628,7.425172169590015,-8.97397708891087,-0.02539260406509048,0.04534962880920446
1.0,5.700711795284023,-9.972844430910861,-4.760416618421562,7.424967191394494,-8.973729747613623,-0.025392354691419747,0.04533977479635825
1.0,5.698936746493798,-9.972618849636447,-4.761784352735485,7.424053463748437,-8.972652721377365,-0.025394061609468426,0.04533611572029952
1.0,5.699987904064951,-9.972741892939448,-4.760969425265118,7.424590136226544,-8.973293072609449,-0.025394369389001373,0.04534398835441458
1.0,5.701402290075559,-9.972913748774054,-4.759877342715943,7.425308545196704,-8.974155140975311,-0.025398548563995312,0.04534628703676094
1.0,5.7030504445386265,-9.973116144261725,-4.758615839162335,7.426127161262257,-8.975155326540186,-0.02540179546210037,0.04534090633557969
1.0,5.700942243106705,-9.972853354631837,-4.760263132777758,7.425011213778982,-8.973876571810848,-0.025399800781583444,0.045320287993346586
1.0,5.702591104154394,-9.97301768067617,-4.7589767715531535,7.425844178034757,-8.97489705675846,-0.025401390255725777,0.045346667110311004
1.0,5.700461765543675,-9.97273814429319,-4.760623474050324,7.4247488194849804,-8.973604806120937,-0.025402632515615836,0.0453464894505946
1.0,5.700659176606416,-9.97278591444851,-4.76048452110963,7.424837524274567,-8.97372089438917,-0.025395959568343892,0.045329431420336394
1.0,5.701168753901568,-9.972823387515797,-4.760086888697399,7.425084599301205,-8.974037741998496,-0.025396943756301214,0.04534252119604597
1.0,5.700486834304501,-9.972744350500584,-4.760624676980333,7.424714636179512,-8.973627353434571,-0.025398617873506314,0.0453267939599597
1.0,5.703119692411676,-9.973050876165372,-4.758586769329041,7.426049278848092,-8.975238745841992,-0.02539401086325265,0.04534611794468039
1.0,5.702875471673511,-9.972996109890499,-4.758774813596022,7.425908201643945,-8.975094263279177,-0.025401138438872366,0.04534800347331285
1.0,5.702268177997963,-9.972916745817892,-4.759258163268871,7.425566448691434,-8.974725461786669,-0.02540190605276519,0.04533685395687568
1.0,5.7022760012657345,-9.972911820890149,-4.759253041732384,7.425560224145291,-8.974732867323775,-0.025404879101665244,0.04533293371521759
1.0,5.703546216662544,-9.97306016863426,-4.758272306480731,7.4261954860801875,-8.975512565610147,-0.025400756935564085,0.04533971555926764
1.0,5.701742206028487,-9.97284482441508,-4.759672177535218,7.425266808144139,-8.974412486436869,-0.025404821844212697,0.045321690149525896
1.0,5.702656887358416,-9.972945132776289,-4.758960213220459,7.42573839108293,-8.974972641163344,-0.02540614145070871,0.04532972226211172
1.0,5.704179540978522,-9.973125612020457,-4.757781264936385,7.426511070952022,-8.975902010614114,-0.025411448137472203,0.045335052465084145
1.0,5.703322033098409,-9.973021590155769,-4.758445342666693,7.426086710590432,-8.975374814337686,-0.025415742654466722,0.04532781633145896
1.0,5.70425218840719,-9.97312346375444,-4.757739728807412,7.426537257812739,-8.975943573803276,-0.025414973834996548,0.04533215985031934
1.0,5.705425581950709,-9.973260713896524,-4.756827418974222,7.427135895925804,-8.976658746287901,-0.025416096997360423,0.04533808993848878
1.0,5.703234662854515,-9.972990523613932,-4.7585210132897195,7.4260162679485955,-8.97532675208757,-0.02541906371998918,0.04532857809501651
1.0,5.705434251143829,-9.973243879252388,-4.75682247681577,7.4271212168418455,-8.97667504092266,-0.025409875874193154,0.04534794442395896
1.0,5.7054519209909405,-9.973241682687975,-4.756813981935493,7.427129020501626,-8.97668273502782,-0.025414185526127606,0.045345635469578593
1.0,5.701422041905829,-9.972737264678726,-4.759924712281371,7.425079260484149,-8.974229221135953,-0.025421397291197606,0.04533206404278668
1.0,5.7016391852376955,-9.972736813678841,-4.759756838501209,7.425182591520263,-8.974365743648992,-0.025427809598374155,0.04534285991957147
1.0,5.704795144207601,-9.973123562291061,-4.757316030728011,7.426803774764898,-8.976285104196629,-0.025426749862811657,0.045359378638750614
1.0,5.7029907236973685,-9.972918155808626,-4.75872166973097,7.425868948141785,-8.975183141228467,-0.025425718001269828,0.045337246465092455
1.0,5.703995360492032,-9.97303927924034,-4.757945101729386,7.426376360830466,-8.975795385910983,-0.025426547775381093,0.045336436382853305
1.0,5.703973929325897,-9.973003847929172,-4.757959280439937,7.426342406852732,-8.975796889181751,-0.025425894664083782,0.04534826748193462
1.0,5.701598810732404,-9.9727096175138,-4.7597978484739025,7.425116415268838,-8.974352966340502,-0.025427294566574308,0.04533495079475854
1.0,5.702091615950011,-9.972745663663957,-4.75941022329625,7.425367899366927,-8.974658085390892,-0.025432724857925273,0.0453477755461043
1.0,5.6995038646361715,-9.972415288535384,-4.761411658706785,7.424024153376835,-8.973092069026038,-0.025430328614348144,0.04533874483050517
1.0,5.700774906668561,-9.972547378108764,-4.760421211600588,7.424683748925009,-8.97386850019865,-0.02543358565435016,0.045358971436389485
1.0,5.699389782214497,-9.972365545487124,-4.761488573756125,7.423972781359993,-8.973032307639134,-0.025434790821281163,0.04535688214358339
1.0,5.69961602158116,-9.972363039836786,-4.761301590841759,7.424088241735631,-8.97318075949734,-0.02543089658238485,0.045379862272817255
1.0,5.69803511549168,-9.972177151928317,-4.762532425092992,7.423259103392419,-8.97222169689514,-0.025430881157790613,0.04535904262185829
1.0,5.69973642357094,-9.972384015307563,-4.761220002079474,7.424124270455849,-8.973255677933189,-0.02543105756311188,0.04536441320274908
1.0,5.699708184164907,-9.972368372547644,-4.761250356234579,7.424071866130139,-8.97324467791253,-0.025428716715481824,0.045361777302462096
1.0,5.698718676207782,-9.972239955325735,-4.762011295478972,7.423570506801497,-8.972646489418972,-0.025430285432746936,0.045360886719014205
1.0,5.7002319864253135,-9.972398937784995,-4.760840809480413,7.424323506230051,-8.973576645908587,-0.025426058777742087,0.04537915680001668
1.0,5.697398241311746,-9.972046956923192,-4.7630365028744714,7.422862454719001,-8.971853348511885,-0.025429519224046158,0.04536266556580749
1.0,5.6989703507312015,-9.972219519924021,-4.761813402601921,7.42366547712527,-8.972815049734743,-0.02543059404486767,0.04537949266044041
1.0,5.697509860143277,-9.972027769708118,-4.762955019422465,7.422881903868778,-8.971934441026589,-0.025427654077191993,0.04536936980021138
1.0,5.69707637126747,-9.971960287687358,-4.763280470819203,7.422662207799534,-8.971676646851936,-0.025435237928925814,0.04537030910293869
1.0,5.699857680634484,-9.972308926471365,-4.761130710493726,7.424085584871638,-8.973369393515975,-0.025430175087242005,0.04537961123317781
1.0,5.699556170328929,-9.97227201062788,-4.761380941804471,7.423886266548924,-8.973191277043336,-0.025430659546273857,0.045361960772887996
1.0,5.697794714985546,-9.972036952288352,-4.762737860697202,7.422988173139059,-8.972119651398065,-0.025433018165812966,0.04536771415727562
1.0,5.697540388276302,-9.9720077881374,-4.762932740265905,7.422862082993208,-8.97196494897211,-0.02543409073409843,0.04536347005050054
1.0,5.6982488411938785,-9.97206189857099,-4.762388844812556,7.4232005924130915,-8.972407500994242,-0.02544034397770808,0.04537342983899258
1.0,5.698995637670008,-9.972139650155194,-4.761807782729439,7.423571986140336,-8.972867402328832,-0.025441982500383393,0.04538234460242988
1.0,5.699521858556734,-9.9721858653667,-4.761399307354974,7.423822971040566,-8.973193626961436,-0.025441905158829582,0.04538895704159356
1.0,5.6993512904299095,-9.972147175047228,-4.7615370796330865,7.423707973338181,-8.973098866608025,-0.025438724927351514,0.04539034849697667
1.0,5.700264823305748,-9.97227055643463,-4.76083230168076,7.424174883040672,-8.973651276552765,-0.025439875565781218,0.04538732396070355
1.0,5.700162665211248,-9.97227394085587,-4.760921317790109,7.424113153790122,-8.973586208847241,-0.02543851532239129,0.045369642896145604
1.0,5.6988347267877435,-9.972103636853976,-4.761942443956288,7.423437074415909,-8.97278350756638,-0.025440761248034134,0.0453697884947481
1.0,5.7002698227199184,-9.972285957394977,-4.760838838217509,7.4241548346921356,-8.973659297029538,-0.02544195124597576,0.045363822653571216
1.0,5.700548988472344,-9.972297752779742,-4.760619033321468,7.4242911238538545,-8.973834899893395,-0.025444299374353253,0.0453706742354779
1.0,5.700381965147053,-9.972266480533975,-4.760750538426751,7.4241888124491995,-8.973742869242736,-0.02544154376377241,0.0453705519953191
1.0,5.699213973222787,-9.972117932091145,-4.761645780160841,7.423611089903374,-8.973030329282492,-0.025450844943466118,0.04536759302895645
1.0,5.698138976723568,-9.971960714622094,-4.7624743129553675,7.423046620058268,-8.972382938758916,-0.02545590187344807,0.04537164970980452
1.0,5.69996897499056,-9.972154240741416,-4.761048404493626,7.423967523885634,-8.973511629747078,-0.025452758336171367,0.04539757594349423
1.0,5.699480554937744,-9.972110090647256,-4.761443265559775,7.423696470634695,-8.973207800407533,-0.025454967003694044,0.045374451590195604
1.0,5.701087664798222,-9.97231568237818,-4.760210099924726,7.424500882073989,-8.97418668387821,-0.025453224646747537,0.0453695833762022
1.0,5.7004202346437625,-9.972231751264133,-4.760737018178985,7.424135126970823,-8.973784585548808,-0.025457069609365016,0.045356586393551675
1.0,5.6998296561150505,-9.97214083487212,-4.761183395724202,7.423859148901191,-8.973422966989665,-0.025462869897475093,0.04536921133791455
1.0,5.699075170522312,-9.97202446536444,-4.761771005895416,7.4234595285619625,-8.972965640233697,-0.025461808642569465,0.04537739322821646
1.0,5.698198928371203,-9.971900952458503,-4.76244041265362,7.42300918543595,-8.972439849476842,-0.025462210813261818,0.04538098757116348
1.0,5.69863673668321,-9.97193054134424,-4.762103050315366,7.423227689802086,-8.972707927158043,-0.025465576332086653,0.04539179828608563
1.0,5.698618290349655,-9.971934710229688,-4.762121054171516,7.423204975944191,-8.972698430510931,-0.025464516808143448,0.045380391672188235
1.0,5.697872246718318,-9.97184012404576,-4.762701532844486,7.422809853748842,-8.97224565286138,-0.025460806935986166,0.04537444439160408
1.0,5.699225465700304,-9.971985179733618,-4.761658102712306,7.423482626556822,-8.97307559625159,-0.025465164399464692,0.04538204521422518
1.0,5.700541908557437,-9.972130632517075,-4.760644586472841,7.424125994392541,-8.973888927819644,-0.02546042427940948,0.04539020984929641
1.0,5.699249231841496,-9.971969689591635,-4.761645773570659,7.423456666912704,-8.973104416546207,-0.025461074392914586,0.04538328427916945
1.0,5.699678314054849,-9.972023113268119,-4.7613185619784515,7.423658601345672,-8.973370184889502,-0.025460973959326488,0.04537527518386812
1.0,5.699936530588839,-9.972039065116062,-4.761119263877309,7.423785366618124,-8.97353039315452,-0.025459611004392858,0.045384978022721664
1.0,5.700343581291621,-9.972073364463897,-4.760802421405523,7.423988518343387,-8.973787326850843,-0.025460163914943938,0.04539337471534815
1.0,5.699315644109971,-9.971966314324083,-4.761609939530809,7.423444882114015,-8.973157666589257,-0.025462492516898753,0.04537083628428641
1.0,5.701525464764239,-9.97222743578161,-4.759901440452425,7.424560419736143,-8.974507251349008,-0.025460693134962388,0.04538132980766639
1.0,5.700376105615003,-9.97206572629055,-4.760800286557605,7.423935238666337,-8.973817709972494,-0.025460367645743033,0.045373829948964724
1.0,5.699191896079376,-9.971912679837086,-4.761708358477946,7.423334109925489,-8.973099046632207,-0.025463449361228303,0.04537471500086139
1.0,5.70195464395164,-9.97224306629884,-4.759582264272922,7.424719066669392,-8.974784000428492,-0.02546220512368524,0.04537989481640924
1.0,5.699712640259456,-9.971970940688747,-4.761325127154106,7.42355448732871,-8.97342184474634,-0.025459494744812697,0.045363684160903965
1.0,5.700289689993134,-9.972007985531585,-4.760863138543006,7.42385857053558,-8.973782816246755,-0.025461346737960428,0.04539050572464343
1.0,5.700450934266169,-9.972036308245706,-4.760747675985105,7.4239236268491355,-8.973879328164992,-0.025463052438556268,0.04537477779578273
1.0,5.699019258253836,-9.971841358455364,-4.761858457184622,7.423174872401496,-8.973012874860505,-0.02546341376262886,0.045373126641927976
1.0,5.700297425790968,-9.971973066988669,-4.76086382878772,7.423813892400288,-8.973805282058656,-0.025462735774000496,0.04538611544788348
1.0,5.701341863655876,-9.972097959427959,-4.760058557981948,7.424341584614598,-8.974441388643527,-0.025459292692145724,0.045386972072811005
1.0,5.699398902642238,-9.97184882314039,-4.761569534997975,7.423324970725713,-8.973262785716992,-0.025465204802573055,0.04537446469616634
1.0,5.702188425327887,-9.972188758504506,-4.759422429658237,7.42472603627,-8.974965392602902,-0.025459971567328068,0.04538085707302484
1.0,5.699883334665157,-9.97190012085704,-4.761212165126083,7.423517183326157,-8.973569060560086,-0.025458665188461606,0.04536761958570938
1.0,5.700126505569443,-9.971917473293994,-4.761025502024496,7.42363188172794,-8.9737208524538,-0.025460343036965715,0.04537133514850719
1.0,5.699533311806966,-9.97182180104174,-4.7614872474792245,7.4233104593478565,-8.973366315382535,-0.025459614336406977,0.04537654750290525
1.0,5.7011481070079295,-9.972008767827901,-4.760242366509116,7.4241265698367656,-8.974351964478085,-0.025458126018521307,0.04538530150919463
1.0,5.699875997288338,-9.971843500958709,-4.761227643168343,7.423475569365423,-8.973578177259169,-0.02545790104975516,0.045385983511630576
1.0,5.699291343815243,-9.97174998471211,-4.761679690559647,7.423162024673193,-8.973227763699,-0.025456970915467225,0.04539097155664745
1.0,5.698166242254057,-9.971592362266426,-4.762546479204759,7.4225797294975,-8.97254870210691,-0.025456457545164724,0.045394418172276116
1.0,5.6990994275568765,-9.971728757113317,-4.76182976699234,7.42305604533045,-8.97310994752922,-0.02545809610656094,0.045379162487845556
1.0,5.699127117716502,-9.97171695502428,-4.761803835763661,7.423069400323765,-8.973130834271373,-0.025461990124667686,0.045385905365964575
1.0,5.698306563292403,-9.971602884408442,-4.7624334518957125,7.422653216263054,-8.97263634213087,-0.025469421706443996,0.04538552739694403
1.0,5.700185535400508,-9.971799340860233,-4.760968196165695,7.423618848059564,-8.973790447046463,-0.025466596766982447,0.04541710362626228
1.0,5.697558974281569,-9.971461687697866,-4.763003917979961,7.422253348424181,-8.97220067453422,-0.025474068825797013,0.045403630969877665
1.0,5.697587839998153,-9.971441480355091,-4.762981854794521,7.422254698421992,-8.97222158730726,-0.025478663480113403,0.04541275703866601
1.0,5.696690269490242,-9.971324218892136,-4.763678026469111,7.421788356052758,-8.971677531887092,-0.025477534893443624,0.045409278758716115
1.0,5.69650332793879,-9.971326731897006,-4.76383103043034,7.421680178971192,-8.971561522084945,-0.025474586912661027,0.04539019432236375
1.0,5.696842719158509,-9.971368356863941,-4.76356785929726,7.421854785370675,-8.971769419980316,-0.025473731861638964,0.04538814825850115
1.0,5.696563191254356,-9.971318149937716,-4.763793603938157,7.421690426335524,-8.971599524676762,-0.025474839325893714,0.045390148806237485
1.0,5.697587730897174,-9.971419307558303,-4.762984909327911,7.422227987685967,-8.972227352158713,-0.02547892911870879,0.04541217132491511
1.0,5.697260958414299,-9.97136663041735,-4.763236347287705,7.422034006771542,-8.972041551646347,-0.025476145859741638,0.04541013886881084
1.0,5.696586114142509,-9.971283241230106,-4.7637661531317885,7.421671099679654,-8.971632996230472,-0.025474905234641163,0.04540029908196317
1.0,5.696316830564196,-9.971245955992613,-4.7639735851599765,7.421522489575178,-8.971473864326187,-0.025472531897433055,0.04540443447558394
1.0,5.695672865738197,-9.971159651725758,-4.764472059624936,7.421189355973952,-8.971083868564637,-0.02547625637918123,0.04540499181420692
1.0,5.69602602855433,-9.971218199548193,-4.764201233567684,7.421366892231741,-8.971297904276886,-0.0254708331188008,0.045398408437165375
1.0,5.6972915412331115,-9.971380612699651,-4.7632275274333455,7.422002817906829,-8.972070323784363,-0.025469148134008773,0.045398527160301363
1.0,5.699478420520233,-9.971631401561629,-4.761528750812081,7.423107457320611,-8.973412669554406,-0.02546777334673301,0.045413016062577874
1.0,5.69729234610843,-9.971347753609791,-4.7632151890417385,7.42198870730609,-8.972084387411664,-0.025472508393658416,0.04540844584487204
1.0,5.698245677797914,-9.97145110931628,-4.762474777760878,7.4224749217362636,-8.972670302077605,-0.025470923573011325,0.045419401105640536
1.0,5.697028396639042,-9.971311512066181,-4.763428063556378,7.421824676949356,-8.971930787786588,-0.025470661410026196,0.04539491165914302
1.0,5.698891227464368,-9.97153931196368,-4.761989256633163,7.422776563754321,-8.97306411642537,-0.025469242814997444,0.045401246117597806
1.0,5.69652794087124,-9.971249273719337,-4.763820362087566,7.421557287601042,-8.971628423819709,-0.025471006195989205,0.04538673586926771
1.0,5.696219468230793,-9.971199607203369,-4.764052487843998,7.421394164079401,-8.971450661542065,-0.025467851980787413,0.04539462593316525
1.0,5.695855249430641,-9.971137388955187,-4.764332530506172,7.421193396623761,-8.971234064265305,-0.025466729683485276,0.04540038414614392
1.0,5.695842054637807,-9.971111223777696,-4.764338195915302,7.4211789046093575,-8.971236524779085,-0.025462021354605277,0.04541356034584407
1.0,5.695120685476766,-9.971012577392136,-4.764901068308722,7.42077625477443,-8.970805599565972,-0.02546186073087276,0.04540543538019847
1.0,5.697286483642032,-9.971253581365627,-4.763232604724108,7.421852399952608,-8.972134905196826,-0.0254609836381379,0.045418917209317136
1.0,5.696277103120398,-9.971158898643417,-4.764024336861724,7.4213298628371325,-8.971512573769584,-0.025458685075463713,0.04539256493482526
1.0,5.6968188613202155,-9.97123346888498,-4.763615210783425,7.42159730110168,-8.971838263440858,-0.02546158694869369,0.04538322690272551
1.0,5.69845260257241,-9.971429115523827,-4.7623556715350714,7.422419293248017,-8.972833573272395,-0.025456983104374723,0.045392528507419094
1.0,5.6974997757936485,-9.971289440595383,-4.7630803138327105,7.421930233140162,-8.972266361642353,-0.025458491386593864,0.045398998510512795
1.0,5.696563797415851,-9.971161782970963,-4.763799935313899,7.421456559244652,-8.971696596191528,-0.025456787050938387,0.04540578472029877
1.0,5.697980897663898,-9.971359346896843,-4.762717280719299,7.42217339606154,-8.972553282217003,-0.025454389175678046,0.04539569383461413
1.0,5.699264598768068,-9.97151839296176,-4.761735001991242,7.42279604102152,-8.973337284768625,-0.025448450435921425,0.045391671017896026
1.0,5.699597614796058,-9.971552141131882,-4.761478308897865,7.42295894433906,-8.97354047368181,-0.025444179189141054,0.045396783120390916
1.0,5.7005109838240156,-9.971674690686168,-4.760781706837502,7.423406224541801,-8.974096763343422,-0.025444531989241768,0.04538407083524218
1.0,5.7004389354787905,-9.971655115089593,-4.760833621565809,7.423367901270206,-8.974056289294893,-0.025446540715252992,0.045390874018088015
1.0,5.70154054031686,-9.97177842703793,-4.759980857579142,7.423921828496129,-8.974733527197873,-0.02544617323028606,0.04540010336432978
1.0,5.701456569188012,-9.971773971437049,-4.760048922568431,7.423872240446818,-8.97468254626749,-0.02544690330435878,0.04539015138961887
1.0,5.702225713098349,-9.971871465670912,-4.759460585529224,7.424261511295954,-8.975144043158897,-0.025450309498639506,0.04538357428021159
1.0,5.704128755567509,-9.972124017705957,-4.757995487367914,7.425224875244606,-8.976299885481927,-0.025444876726188444,0.045372936893736754
1.0,5.705171816778502,-9.972238844730656,-4.757190063377346,7.425748632372593,-8.976942612347724,-0.02544872411058182,0.04538109465537471
1.0,5.704958899094799,-9.972203366400901,-4.757359659205609,7.42562088844882,-8.976817058397788,-0.025448894430424678,0.04537725317874279
1.0,5.703396917547268,-9.971997170332447,-4.758568533327136,7.424813064924288,-8.975867701336842,-0.025456512302349153,0.04537015445740791
1.0,5.701633665737556,-9.971765496964496,-4.759930029523342,7.423903530575645,-8.974799897721619,-0.02546013411579748,0.04536420157794746
1.0,5.704599479721384,-9.972119877708842,-4.757639931010599,7.42540705482215,-8.976610079839103,-0.025456964122380802,0.045378251828537906
1.0,5.704401532585695,-9.972096442873555,-4.757793556080493,7.42529210564031,-8.976494125171259,-0.025457773422245627,0.04537132681028987
1.0,5.706592118860582,-9.972359079611564,-4.756100816224488,7.426400337085043,-8.977831498735231,-0.02545899712280595,0.04538073478514513
1.0,5.706787475714755,-9.972382913244184,-4.7559587986782725,7.426479605967028,-8.977948416688198,-0.02545909338161755,0.04537174599495657
1.0,5.704871926500197,-9.972158764743252,-4.757447248516893,7.4254893033073985,-8.976784865975977,-0.025459232551730847,0.045351177035444404
1.0,5.706347383756986,-9.972348171080743,-4.756309714342846,7.4262419715344485,-8.97768107815771,-0.02545877691008818,0.04535386149763201
1.0,5.70673610198086,-9.972404055035634,-4.756018241810736,7.426418987522414,-8.97791739302048,-0.025457858674035518,0.04533937126758857
1.0,5.706403507027502,-9.972332930143711,-4.756282540171675,7.42621877652979,-8.97772221846075,-0.025457961307418904,0.045348657717460814
1.0,5.707238079147516,-9.972410201755174,-4.755625927881177,7.426644401669224,-8.978238884035202,-0.025458627894309433,0.045366887536865644
1.0,5.707181559948868,-9.972390143853797,-4.755684265968438,7.426587639157076,-8.978206483032785,-0.025459949557371925,0.04536122719650736
1.0,5.707155236212115,-9.972368166053446,-4.755701578277086,7.426570060573959,-8.978197088433838,-0.025455720570386513,0.045373429538870386
1.0,5.704926341126782,-9.9720785784347,-4.757425807912631,7.425422173502555,-8.97684791074257,-0.02545835235866331,0.045369133282327806
1.0,5.7037222719019915,-9.971911389513503,-4.758355447817754,7.424797297611326,-8.976122582840487,-0.025460038232807704,0.04536831008779506
1.0,5.703511771101821,-9.971872437455803,-4.758522429885483,7.424664579177965,-8.976002729106092,-0.02545928468847181,0.04536500195729043
1.0,5.704611925868079,-9.971973191082892,-4.757664682908927,7.425214703025392,-8.976682775226681,-0.025457783473513667,0.04539046275970034
1.0,5.703878627505041,-9.971892956942177,-4.758244609057355,7.424813959384073,-8.976237419482567,-0.02545684257094934,0.04537591867011905
1.0,5.704654750474606,-9.971958734820474,-4.757640024850428,7.425194477534136,-8.97672062991746,-0.025455606180617592,0.04539215872988283
1.0,5.7031786259293265,-9.971780709470638,-4.75878185665137,7.424442540498872,-8.975823627633714,-0.025454328208622062,0.04538714783553659
1.0,5.704758194529254,-9.971965468215881,-4.757558243644328,7.425253364714743,-8.976788334724104,-0.025454847139299658,0.04540117156061116
1.0,5.702646211625882,-9.97169322554955,-4.759191295143141,7.424165813431643,-8.975508713766244,-0.025461207105367308,0.04539110634057075
1.0,5.700470093775934,-9.971408005939086,-4.760873093089954,7.42303828545957,-8.97419591900175,-0.025461144886027937,0.04538418599570095
1.0,5.702817761304036,-9.971689970001687,-4.75906680246545,7.42422607041446,-8.975625201201403,-0.025459667083404015,0.04539481220961967
1.0,5.701846911378683,-9.971568251567007,-4.759831163305307,7.423707797498388,-8.975038042112557,-0.025455271078460014,0.045386470528208246
1.0,5.7042388879899075,-9.971873707277691,-4.757990854181162,7.424914095665083,-8.976493672273934,-0.02545648486765199,0.04538130816776715
1.0,5.70495703340784,-9.971952904634973,-4.757435778315506,7.425277347445707,-8.976934478443333,-0.025459508114977887,0.04538607877358878
1.0,5.706224935642365,-9.972090222569188,-4.75645082030044,7.425915556264364,-8.97771388873038,-0.02545602300403612,0.04540030661860701
1.0,5.7036892038442515,-9.971771214574602,-4.758411710436294,7.424605564125193,-8.976175924208595,-0.02545655649674824,0.04538998226392545
1.0,5.70274563035953,-9.971627726192933,-4.759143011585198,7.424109393960337,-8.97560685616889,-0.0254526047870889,0.04539913132258447
1.0,5.703750535428375,-9.971749769519821,-4.758377062383323,7.424605437404452,-8.97622111295932,-0.025447011513460602,0.045399874258080765
1.0,5.7028108391773635,-9.971641294567341,-4.759112097654425,7.424111146627602,-8.97564443135057,-0.02544724162615687,0.045383904885507614
1.0,5.702838955765795,-9.97162676167759,-4.759092679143691,7.424117657931331,-8.975663557732954,-0.025448494224180416,0.04539243612312936
1.0,5.702110921221348,-9.97152147211954,-4.75966223521942,7.423744255226557,-8.975218785533336,-0.025451267447151912,0.04539657974990553
1.0,5.702344766443606,-9.97157873256734,-4.759498607290546,7.4238405287143205,-8.975358515065263,-0.025452149662163817,0.04537298286690844
1.0,5.703767828234801,-9.971736280748356,-4.758392991418872,7.424564737687063,-8.976230897149717,-0.025450556308067543,0.045391983073720034
1.0,5.700439586291833,-9.971334863363015,-4.760970310061989,7.422863934288293,-8.974202292381328,-0.025451139856664133,0.045371621988289645
1.0,5.702535488555389,-9.971557246492567,-4.759340817560333,7.423928268328892,-8.975488693946355,-0.025453023889800183,0.04539879064049253
1.0,5.702074549828167,-9.971478559046842,-4.759696030038583,7.423685776662735,-8.975215841144543,-0.02545125311995923,0.04540788837468107
1.0,5.701664255382975,-9.971428806965003,-4.76001735635261,7.423453691760629,-8.974971866187744,-0.025451518123137454,0.045397592251891036
1.0,5.702543122661267,-9.971550004222484,-4.759354145665699,7.423892389854467,-8.97550164968221,-0.025446655974116335,0.045389214948448775
1.0,5.701491005624204,-9.971408623057838,-4.760170384308036,7.423344360074776,-8.974863288303027,-0.025445980790471997,0.04538997084047557
1.0,5.702127653710014,-9.971478854138486,-4.759685551416996,7.423631974703642,-8.975260087572249,-0.02544254131985781,0.04538679693827675
1.0,5.703103090904489,-9.971571089358015,-4.758928094879721,7.424122322185314,-8.975858369809858,-0.02544509336738053,0.04540240664823831
1.0,5.703470365924676,-9.97160387248688,-4.758645839129987,7.424287438500091,-8.976090929952296,-0.02544677782086213,0.04540374586476343
1.0,5.701719986321469,-9.97139787868673,-4.76000164121757,7.423382909719492,-8.975025834301416,-0.025453953194141354,0.04538248760921928
1.0,5.700430786949737,-9.971213246064389,-4.760990827338432,7.422731560751537,-8.974243368083938,-0.02545459940957821,0.04539377226738482
1.0,5.702048357539969,-9.971409709789315,-4.759741483685556,7.42354102678784,-8.975231452322426,-0.025453677378580293,0.04539513775580475
1.0,5.704350390067714,-9.971686921147441,-4.757963325249792,7.424712193253444,-8.976635914454302,-0.02545143347641817,0.045405801453404254
1.0,5.700515840987799,-9.971219169959047,-4.760927610764915,7.422750770859908,-8.974300817460707,-0.025451354907482477,0.045386675643714285
1.0,5.70073199381443,-9.97120656097441,-4.760747874628244,7.422851255757976,-8.974447672481158,-0.02545233403238909,0.045405817518866444
1.0,5.701887860050441,-9.971346349323808,-4.759862947175731,7.423416689814207,-8.975152604926421,-0.025455502735518176,0.045399734027541855
1.0,5.701001577152983,-9.97122630340984,-4.7605565723958065,7.422936248395736,-8.974617592684197,-0.025452608989810912,0.045395752314768015
1.0,5.702035086616614,-9.971335299466476,-4.75975379104875,7.423461724648279,-8.975254088104359,-0.02545003106578649,0.045411404967860836
1.0,5.702281538616673,-9.971369428828018,-4.759562348596867,7.423588383112867,-8.975405326677492,-0.02544943836907761,0.04540722358995032
1.0,5.699162660638443,-9.970980927641111,-4.761966012555142,7.422001292672108,-8.973510567857572,-0.02544868469657035,0.04539651716633904
1.0,5.700590503149393,-9.971166562160109,-4.760864313866007,7.422748369864553,-8.974371420941752,-0.0254495843287348,0.04540108197938896
1.0,5.701122504655899,-9.971202265148602,-4.760452126357382,7.423008029847563,-8.97470365372591,-0.025452702892967607,0.0454122054979389
1.0,5.6997809671689055,-9.971028821261944,-4.761482474960741,7.422322257057843,-8.973888181585359,-0.02545946722562339,0.04540885365343346
1.0,5.70108493204216,-9.971183833363641,-4.760479824438588,7.422969563195425,-8.974683509024812,-0.025458506340740348,0.04541464842142047
1.0,5.700104165271288,-9.97105948099641,-4.761247303287805,7.422452132508136,-8.97408648854408,-0.025460638769950677,0.04540693475412329
1.0,5.699998495251628,-9.971035596836742,-4.761332868133138,7.422376485384757,-8.974025999755746,-0.02546410972967811,0.04539892707846918
1.0,5.701603247818913,-9.971220135749086,-4.760086967562419,7.423195206027521,-8.975009022601443,-0.025466953012763822,0.04540627318784049
1.0,5.700590918063197,-9.971076010538138,-4.760866627145671,7.422677941224495,-8.974395432329015,-0.025471251878659777,0.04540963541933539
1.0,5.701606517420455,-9.971178942029667,-4.760082454041165,7.423171016755587,-8.975026300445192,-0.02546529194776257,0.04542051576101092
1.0,5.703062244469074,-9.971379247481789,-4.758958685886105,7.423919707012063,-8.975908678112349,-0.025465738308654864,0.04541084991126311
1.0,5.701996388233493,-9.971252179544994,-4.759781252843844,7.423368946688229,-8.975262094579163,-0.025465228014824443,0.0454005158509214
1.0,5.702150517124381,-9.971252570529131,-4.759658191129928,7.42345015689062,-8.975353898766492,-0.025471021436594975,0.045409758449188736
1.0,5.700422389043614,-9.971041599029393,-4.761007946467617,7.422537046485953,-8.974304538307846,-0.02546876970606671,0.04539326276443608
1.0,5.703194605524315,-9.97135861600464,-4.758861277496649,7.423943878511366,-8.975999365086418,-0.02546759754880344,0.045416961374839034
1.0,5.702024001788135,-9.97120885079435,-4.7597711609968725,7.423327293633688,-8.975292081501268,-0.02546774106323774,0.04540730666928473
1.0,5.702647239422167,-9.971277907857461,-4.759292538065302,7.423630313054614,-8.975676519828099,-0.025461291550813708,0.045409414048034086
1.0,5.70094484002768,-9.971047464689043,-4.760609538584586,7.422746106355182,-8.974646665755763,-0.025459467846987587,0.04541081868974357
1.0,5.701474652704325,-9.971100911746632,-4.76020603263773,7.422992756989382,-8.974974783271557,-0.025460020563676876,0.0454111979633611
1.0,5.700017314311532,-9.970912577477112,-4.7613341724643,7.422234729198336,-8.974091721542084,-0.02546417843591619,0.045402659967114255
1.0,5.701768707064893,-9.971114675503813,-4.759983696967108,7.423098552831806,-8.975168576099772,-0.0254643658479126,0.04540584461718506
1.0,5.699915619502792,-9.970892606873166,-4.761426953006101,7.422131370897204,-8.974042091328533,-0.025463865868579762,0.045382488960263
1.0,5.701755468553875,-9.971103485278633,-4.7600072568022425,7.423053525577548,-8.975168620455019,-0.025462189727006642,0.04539432302976949
1.0,5.702615408285281,-9.97118182078158,-4.759336550713232,7.423483982419815,-8.975702152114069,-0.025461516444548717,0.04541070328852975
1.0,5.702390840205941,-9.971175258124417,-4.759518677511738,7.423355474998748,-8.975561967496144,-0.025459683119697336,0.0453952082626805
1.0,5.702134284821202,-9.971133048371726,-4.759729558162787,7.423205635092279,-8.975403010130767,-0.02545857244089727,0.0453930036165786
1.0,5.700854042189763,-9.970953012690641,-4.760723743374972,7.422524245789763,-8.974632322001494,-0.02545923064962518,0.045390377348074815
1.0,5.702718586909661,-9.971161975512578,-4.759280223106276,7.423477026968096,-8.975768535330237,-0.025464389621873022,0.04540742584049846
1.0,5.703537206527668,-9.971250800583087,-4.7586444723037244,7.423894325013999,-8.976270577626428,-0.025466424210224912,0.04541407036961926
1.0,5.701425517465729,-9.971000038997515,-4.760284847847352,7.4228063468599865,-8.974982817998791,-0.025469841296261075,0.0453926357188706
1.0,5.7020784800599955,-9.97107227242007,-4.759770756700162,7.423148483377815,-8.97538581735836,-0.025467366549441355,0.045402511195784465
1.0,5.702531103458886,-9.97111108973959,-4.759418553385022,7.423385191588258,-8.975661647563962,-0.025469510113922837,0.04541164853936679
1.0,5.700975296830427,-9.970904624126998,-4.7606166123799145,7.422592111811728,-8.974718724784717,-0.025475888670997125,0.045413468696053
1.0,5.699924153694791,-9.970797048269384,-4.761436605427621,7.4220472509849715,-8.974074648914923,-0.025475125332923544,0.04539079961265672
1.0,5.701369461981523,-9.970952027246584,-4.76031508218703,7.422781405635803,-8.97496095974606,-0.025469987074782298,0.04540946510298269
1.0,5.7015417070134715,-9.970959530869708,-4.760177692032217,7.422867738822273,-8.975071508430377,-0.025471862633488405,0.04541812116475774
1.0,5.701278389482903,-9.970913471685078,-4.7603823182624705,7.422729674652806,-8.974911533091355,-0.02547368875040433,0.04542192862722055
1.0,5.700778581119536,-9.970825905367274,-4.760767845710877,7.422472101803886,-8.974612196476425,-0.025480096340272592,0.0454306908323224
1.0,5.701173581111383,-9.970878693346997,-4.760471620059154,7.422663865370544,-8.974851292551342,-0.025483899238120337,0.04542106634848598
1.0,5.700893159902007,-9.970830567738215,-4.760697042146037,7.422498844523144,-8.97468659211964,-0.025475761775965985,0.04542243362233675
1.0,5.700902455408191,-9.970827267126129,-4.760699926032476,7.422479974539221,-8.974696236025748,-0.025469280045704114,0.04542189991530831
1.0,5.701034615762539,-9.97084039093101,-4.760595189965068,7.422539559515917,-8.974780038198508,-0.02547400632921211,0.04541597675951378
1.0,5.7033197742488095,-9.971119083440481,-4.758832361444542,7.423687114006949,-8.976174585848772,-0.025473958669277718,0.045417926079901735
1.0,5.703344747796223,-9.971149710371796,-4.75882423606321,7.423692062104734,-8.97618369822021,-0.02547439834741599,0.045397951641675954
1.0,5.704254842643461,-9.971245185399678,-4.758124845553816,7.424133621135448,-8.976747572957208,-0.02547375205133229,0.045405158289033666
1.0,5.704661692327988,-9.971293660540589,-4.757816747834293,7.424325837018877,-8.976994366061726,-0.025474338484661834,0.045397930902292306
1.0,5.7036161227301845,-9.971162343217111,-4.758622776964673,7.423794588695339,-8.976359514720027,-0.02547700680146313,0.04539379079433648
1.0,5.70478232841027,-9.971336678695868,-4.757727516752499,7.4243969474017995,-8.977060562408669,-0.025474692724931615,0.04538006499678717
1.0,5.707653858139543,-9.971684269313629,-4.755506217443521,7.425863886190053,-8.978810854189218,-0.025474486078456718,0.045391266465431464
1.0,5.707816191791577,-9.971705003599968,-4.755384241943607,7.42594789858649,-8.978906654900625,-0.02547652515608802,0.04538699562212551
1.0,5.708305282989737,-9.971758659347145,-4.75500714492389,7.426195363469689,-8.979203370068834,-0.02547769528234551,0.04538922116984972
1.0,5.706494834971298,-9.971534685814078,-4.756403043931075,7.425270736250962,-8.978103212848213,-0.02548042206469025,0.04538235400970841
1.0,5.706900222571954,-9.971599820911518,-4.7560965716609696,7.425455337888095,-8.978354017163763,-0.025473702180346898,0.04536949150502582
1.0,5.708157087005097,-9.971746839841996,-4.755126080246026,7.426093162158594,-8.979119868626825,-0.025477214437309523,0.04537594341220045
1.0,5.710778972708711,-9.972065205460025,-4.753100362175331,7.427414093431307,-8.980721988362614,-0.02547317479431958,0.04538222431426859
1.0,5.709029877849641,-9.971828767778291,-4.7544528372841635,7.426505421873662,-8.979663663578226,-0.025474736645921228,0.04538263269208022
1.0,5.708235869727478,-9.97171633376271,-4.755069314802329,7.426078276127512,-8.979188346144525,-0.025475424614877114,0.045377750907260476
1.0,5.708570330057434,-9.971746584465013,-4.75480671287739,7.42624897922641,-8.979393128617103,-0.02547367520195605,0.045387902869159245
1.0,5.707716631718387,-9.971657553604597,-4.75546717358721,7.425826683267286,-8.97886295342271,-0.025478657515904855,0.04537184180963541
1.0,5.708874230900731,-9.971791230199798,-4.754570568632426,7.426408701324574,-8.979569978986168,-0.025480059372383852,0.045378189695501205
1.0,5.708746994749064,-9.97176298365965,-4.754666088648155,7.426340022092165,-8.97949510315926,-0.025483884074692587,0.04538007272470517
1.0,5.706646564633879,-9.971489475969015,-4.756291646686305,7.425253373703722,-8.97822452456592,-0.025486879705260337,0.045372608996899585
1.0,5.707394638199447,-9.971564422273552,-4.755716140865476,7.425621598841548,-8.978689656165852,-0.025483316145501724,0.045381808407042305
1.0,5.706048420406023,-9.971394203479026,-4.756762706689471,7.424920358335388,-8.977869733023901,-0.025483145203427857,0.04537808550487067
1.0,5.7070317684844785,-9.971492223076554,-4.755991932214671,7.425416259759232,-8.978480501942487,-0.02548375179886133,0.04539275167434717
1.0,5.706702712380766,-9.971455517687355,-4.756249960477112,7.425241624794873,-8.978279442271866,-0.02548068014554993,0.045385699072310444
1.0,5.707158717630681,-9.971513036655177,-4.755899165461498,7.42546885050376,-8.978559572666216,-0.025477347759155305,0.04538529350140114
1.0,5.706974660540415,-9.971466937921583,-4.756045486238286,7.425356401182233,-8.978454032982455,-0.025475443799399772,0.045392276668804056
1.0,5.706298994284892,-9.97138501370112,-4.75657519492092,7.424988852854354,-8.978045389914387,-0.025474021807978316,0.045380078615546944
1.0,5.707197529269708,-9.97147719302776,-4.755875303629572,7.425446390567324,-8.978596377950154,-0.025477583482494105,0.04539177358442016
1.0,5.707985844074465,-9.971570518129319,-4.755272746784817,7.425834919891767,-8.979080887788257,-0.02547491112762539,0.04539373788390632
1.0,5.707148064577185,-9.971443852632822,-4.7559241211168075,7.425388113034582,-8.978581914239687,-0.025469928103296978,0.04539598472042428
1.0,5.707277078466502,-9.971451899477975,-4.755832554151702,7.425433282562867,-8.978665914239032,-0.025469387671434335,0.04539514463293879
1.0,5.706743024465101,-9.971384194256675,-4.756247724455765,7.425150097386712,-8.978341255473364,-0.025471411941732594,0.04538857615398996
1.0,5.707742348371388,-9.971507198822488,-4.755494147403256,7.425628384426494,-8.978946771566259,-0.025468790689769007,0.045383203065904945
1.0,5.709954959498026,-9.9717846349578,-4.753792728160028,7.426746582301841,-8.980293857242408,-0.025469057609642628,0.04538119548086774
1.0,5.7086807315397055,-9.97161614452507,-4.754777524484379,7.426085267838181,-8.979523613063357,-0.025468829114810913,0.045379765638000245
1.0,5.708681374171735,-9.971621284719255,-4.754785763388049,7.426066512476879,-8.97952528711716,-0.02546458023807007,0.04536893652401506
1.0,5.70785207643652,-9.97149055948169,-4.755420627183166,7.425643930094263,-8.97902528723703,-0.025466559822157186,0.0453798969212979
1.0,5.7077324472679445,-9.971455764361385,-4.755517363709743,7.425562531507703,-8.978960360902372,-0.02546743793861924,0.04538303198980615
1.0,5.709803231765896,-9.971674986624059,-4.753913402940582,7.426596816775389,-8.980232907189528,-0.025467044750032655,0.04540614231943877
1.0,5.705586287110738,-9.971144105091271,-4.757173252991273,7.42442251451807,-8.977671402817208,-0.02546924250714524,0.04538735500716813
1.0,5.70545074532897,-9.971133354817114,-4.757276717269541,7.424350475867598,-8.977591923420253,-0.025469079852529504,0.045377387081139725
1.0,5.707890075961092,-9.97144033788158,-4.755402830959205,7.425576748867275,-8.979076275223607,-0.02546709433265077,0.04537610620805587
1.0,5.70881049426919,-9.971545122988532,-4.7546872811605505,7.426062978233954,-8.979633283658828,-0.02546798305860582,0.04539162705500216
1.0,5.7092356355422424,-9.97161730077509,-4.7543644236723726,7.426285084230617,-8.97987989083354,-0.025474055178714105,0.04537723433058924
1.0,5.709687121763994,-9.971658903866755,-4.75401356167838,7.4265243900956905,-8.980153389630225,-0.025478127186723286,0.045387097426186254
1.0,5.708538183788487,-9.971513990105349,-4.754895285994404,7.425949210035947,-8.979452325970557,-0.025479553662970937,0.04538949300404591
1.0,5.709781254156226,-9.97165563820605,-4.753933575111239,7.426571852959651,-8.980216269165467,-0.02548106095996138,0.04539806642871188
1.0,5.707887019285277,-9.971444204862006,-4.755411736420011,7.425586234359993,-8.979058131238459,-0.02548238634991041,0.045370519122451096
1.0,5.7076704695668585,-9.971385540121336,-4.755574924149232,7.425467635349937,-8.978932348848085,-0.025485469089114175,0.0453855773800928
1.0,5.709192949149452,-9.97156034267554,-4.7543961513021245,7.426250687938109,-8.979855505611607,-0.025486185877498964,0.04539984712017429
1.0,5.705871148150515,-9.971128632342523,-4.756966890930706,7.424534133420946,-8.977844570700615,-0.025485576753191554,0.0453945360281318
1.0,5.708210847005643,-9.971407432303959,-4.755161750929062,7.425709098656917,-8.979273141784835,-0.025484290519927674,0.045401212739284255
1.0,5.706192103286113,-9.971175994306027,-4.756731789432248,7.424681770864071,-8.97803452895432,-0.02548482681010596,0.04538209823774247
1.0,5.7069245166379154,-9.971230158123932,-4.756160344347068,7.4250442238306675,-8.978489820714454,-0.025485290761387565,0.0453993904371621
1.0,5.707977859285985,-9.971362441820581,-4.755349887059915,7.425566701968751,-8.9791335088277,-0.02548232435586675,0.04539707338687952
1.0,5.706809995291788,-9.97120198037368,-4.756254090150407,7.424955539233353,-8.978428786827736,-0.025481533310520124,0.04539725491505609
1.0,5.706038248326353,-9.971102786528148,-4.7568542872265525,7.424540543422736,-8.97796882694988,-0.02547694328622963,0.04538901458243314
1.0,5.708330849906749,-9.971373208376615,-4.755080274224238,7.425695053902629,-8.979373143879126,-0.02547636651498293,0.0453969855215294
1.0,5.707221546097685,-9.971226863401077,-4.755938481187115,7.425111846749627,-8.978702166253838,-0.025476733495133835,0.04539187499484327
1.0,5.7085678225597665,-9.971394901084006,-4.754906383317342,7.425795109296626,-8.979518650200907,-0.025472784988921453,0.04539569825510889
1.0,5.707971817699458,-9.97131875455061,-4.755379375352377,7.425477517085413,-8.979156985147839,-0.025473365896965413,0.04539139126950998
1.0,5.708004000694187,-9.971335811663598,-4.755366396448295,7.425478046718906,-8.979173305933932,-0.025479031828351338,0.045369468806337666
1.0,5.711318903821322,-9.971730807821645,-4.752813828755199,7.427139540992389,-8.981194588877539,-0.025475342699596087,0.04537845626352026
1.0,5.708519432903109,-9.971359509671093,-4.754972954223168,7.425704006998674,-8.979496624868952,-0.025482256265861765,0.045376691903901374
1.0,5.709845493340085,-9.971508258932896,-4.7539376600119,7.42638915618542,-8.980311365729795,-0.02548033396440317,0.04539247033953362
1.0,5.707079418475125,-9.971146506024075,-4.75607797435986,7.4249667368792265,-8.978633604439105,-0.025483809828892146,0.04538628876879025
1.0,5.70850375485204,-9.971326213514748,-4.7549814760895215,7.4256824464883024,-8.979500893852608,-0.025477785861299698,0.04538756407238667
1.0,5.707168760249044,-9.971143163129875,-4.756006969417314,7.425003219120863,-8.9786914759607,-0.02547912100075799,0.04539262445784811
1.0,5.70921893598123,-9.971399042339572,-4.754421709044856,7.426042749313577,-8.97994273823824,-0.025480359333762467,0.045392597853750084
1.0,5.70749661022562,-9.97117777840689,-4.755749213400242,7.425163174398855,-8.97889944060368,-0.025482808885322665,0.045390215127326036
1.0,5.707883785432806,-9.971204155616103,-4.755455049683679,7.425344499850235,-8.979141201728252,-0.025484494968460475,0.04539772619737945
1.0,5.706588539752177,-9.971033372191231,-4.756462121438684,7.424661554361331,-8.978358491694962,-0.025484997864591147,0.045388127947132595
1.0,5.707329627375484,-9.971092923793549,-4.755876546020499,7.425050343476693,-8.978818812987313,-0.025489326376548875,0.045407326238812995
1.0,5.705487422111402,-9.970862002443544,-4.757304498921107,7.424108669215974,-8.977694378279903,-0.025492502692815867,0.04539696156381215
1.0,5.70661081411279,-9.970969107149214,-4.756428548854748,7.424669558838716,-8.978391365044493,-0.025490417404498967,0.04541689861436038
1.0,5.707101491519373,-9.97103679098808,-4.756063814977239,7.424885191042465,-8.978694666495821,-0.025487886406350684,0.04540634360297552
1.0,5.704518459838514,-9.970712686707088,-4.758059267184085,7.423548715668063,-8.977128443549224,-0.025490087467146223,0.045391551489192036
1.0,5.705783140342764,-9.97083626306595,-4.757072554382842,7.424179645165365,-8.977914740949396,-0.025492217408165294,0.045408977367339266
1.0,5.706312878607863,-9.970907030931686,-4.756658275797282,7.424465869350789,-8.978231495172567,-0.02549602567523646,0.04540838965009919
1.0,5.706339424029429,-9.970889185231847,-4.756637204283971,7.424468746088592,-8.978254170486048,-0.025494026442600147,0.045421055359871704
1.0,5.704854288138519,-9.970705021010504,-4.7577926871310785,7.423698275732585,-8.9773518658751,-0.025493326340098363,0.045411166818799094
1.0,5.703021060132607,-9.970473169490388,-4.759208853530799,7.422756896899232,-8.976239217678499,-0.02549385228369947,0.045402056104113526
1.0,5.705271827194184,-9.970741149527527,-4.757471057680706,7.423904358744069,-8.977611535544673,-0.025490751487523618,0.04541282764437885
1.0,5.704489981316426,-9.970633659777144,-4.758075970234568,7.423501649740117,-8.977138663119732,-0.025494351112545707,0.04540937208179448
1.0,5.705733161816515,-9.970780912845605,-4.757114434262203,7.424123167411452,-8.977903939208531,-0.025490216407959784,0.04541616623161118
1.0,5.704259285456092,-9.97058537065207,-4.758255347364783,7.423364630478803,-8.977013407744218,-0.0254910383015209,0.04541228181050983
1.0,5.705808526937413,-9.970777880810859,-4.757068887070301,7.424130887718948,-8.977957570808192,-0.025490761242215377,0.04540530705057322
1.0,5.70616231065127,-9.970793410607376,-4.756797979965503,7.424292210690164,-8.978181432766931,-0.025495958666543028,0.04541307745734514
1.0,5.706112334277667,-9.97078230377521,-4.756835157239972,7.4242732295495095,-8.978149466226068,-0.02549415492120825,0.04541492717473058
1.0,5.703811884874692,-9.970482675065535,-4.758617699862531,7.423089441924851,-8.976751035278449,-0.02549626331969728,0.04540755701418885
1.0,5.704487618021202,-9.97054966752706,-4.758087112319675,7.423429621044431,-8.977171597446793,-0.02549826721260846,0.04541559456256241
1.0,5.705631100389282,-9.97068202968628,-4.757201879291175,7.424010753058309,-8.977871097683165,-0.025500632103922,0.045420745434373785
1.0,5.707096229356406,-9.970860673127488,-4.756080024720028,7.424740073693954,-8.978764171693722,-0.025496560370466808,0.04542371292519726
1.0,5.7069446553441345,-9.970866040236782,-4.756212917455712,7.424641712399867,-8.97866427637806,-0.02549344756135778,0.04540530316993484
1.0,5.707969148477803,-9.970991789844899,-4.755425297552711,7.425151762942278,-8.979288307044083,-0.02549257165640614,0.045404488641375244
1.0,5.706227006480058,-9.970777861430728,-4.756781244045138,7.424236795712428,-8.978232524967234,-0.0254874714432576,0.04539213988824813
1.0,5.706979354535575,-9.970849202581045,-4.756188481110119,7.424631628095874,-8.978697806484693,-0.025487354893188666,0.045411035675572746
1.0,5.707063277516698,-9.970848067862056,-4.7561344333873254,7.424645698322692,-8.978754737377692,-0.025492501496999987,0.045406140260111874
1.0,5.707259750186577,-9.970857367569186,-4.755991707504741,7.424725051295202,-8.978876816390809,-0.025493338174027113,0.04540585377516405
1.0,5.707426682810766,-9.970859324286835,-4.7558641617098685,7.424797454148134,-8.978984514112868,-0.025492516849134554,0.04540866260292334
1.0,5.70766766518845,-9.970893663892475,-4.755674163311459,7.424923430741992,-8.979130891854085,-0.02549566784330641,0.04540533738841471
1.0,5.707743074291283,-9.970913279453091,-4.755618609756364,7.424944441276657,-8.979179003745335,-0.025490434261557185,0.045395799961233156
1.0,5.708186665765664,-9.970967355162744,-4.755282346030514,7.425163810941392,-8.979450080766165,-0.02548971022679345,0.04539435657668247
1.0,5.708719700755803,-9.971025078125141,-4.754871815908436,7.425425222628126,-8.979778259591654,-0.025483367075190576,0.04540066582851221
1.0,5.706937951578129,-9.970782063217063,-4.756250185733151,7.42449564529889,-8.978705800367342,-0.025484025978385415,0.04539805239132263
1.0,5.709544191500835,-9.971089223265393,-4.754228507994737,7.425817169329067,-8.980300478018492,-0.02548221084212852,0.04541191003199847
1.0,5.706418517685811,-9.970701902953794,-4.756649988817494,7.424202399231932,-8.978397922180875,-0.02548311073841714,0.04538988682832122
1.0,5.709134707103381,-9.971042072759293,-4.754555238667052,7.4255758245037295,-8.980049772510396,-0.025481744155882714,0.04539194040987034
1.0,5.7089858512179426,-9.971001047642778,-4.754669893077957,7.425489302097506,-8.979967476023061,-0.025483129784716566,0.04540099017844556
1.0,5.710351784073203,-9.97116798029484,-4.753615163687674,7.4261886071116745,-8.980795354145267,-0.02547960481714148,0.04540517915590266
1.0,5.709429904466185,-9.971052499786987,-4.754329461363036,7.42571147995752,-8.980238029601256,-0.025483153493720285,0.04539763423530418
1.0,5.710875231411728,-9.971241343898347,-4.753214259520352,7.426449215215733,-8.981115966904245,-0.02548364526497112,0.04539353087314844
1.0,5.7106301090274005,-9.971171574723572,-4.753404391180749,7.426295093006262,-8.98097885166316,-0.025480083734663345,0.04540910369544149
1.0,5.708872671800979,-9.970940541578342,-4.754759688894338,7.425397589797809,-8.979913768925144,-0.025485031816795713,0.045408132212095983
1.0,5.709203782380855,-9.97097110402547,-4.7545036370293055,7.42556493266005,-8.980117513547903,-0.025489975665733872,0.04540806047118688
1.0,5.707873683334272,-9.970793788311022,-4.755528038862888,7.424884577267649,-8.979310654949044,-0.02549066269533533,0.04541368056065254
1.0,5.706567597632191,-9.970632098173741,-4.7565341447436325,7.424215925400787,-8.978521889853175,-0.02549015020766832,0.04540834246960403
1.0,5.705876034760781,-9.970533940383866,-4.757061414804438,7.423875116018272,-8.978102051181763,-0.025487578529479343,0.04541810852004867
1.0,5.7034070619867965,-9.97023058358112,-4.7589750241043784,7.422607885464288,-8.976596569581975,-0.025489862487837227,0.04540387114200897
1.0,5.704022048983224,-9.970280929325991,-4.758490148689671,7.422928821024971,-8.976977660295292,-0.025488190562130062,0.04542252505402787
1.0,5.703155880155459,-9.970157098349707,-4.759158238672127,7.422489918948865,-8.976452674056173,-0.025489016316953755,0.04542830394311407
1.0,5.70356750637428,-9.97022281866966,-4.758836159625762,7.422709171563959,-8.976702397085681,-0.025486613893735157,0.04542439470466815
1.0,5.7033775056456175,-9.970184265692685,-4.758985088582983,7.422597429166041,-8.976592704999412,-0.02548174906694233,0.04542994314926601
1.0,5.702265270446428,-9.970044813072398,-4.759841125012364,7.422034361780995,-8.975918808169023,-0.025482309687670606,0.04542753443715068
1.0,5.703937091607138,-9.97021744107309,-4.7585488006972945,7.422863065454108,-8.976948633383598,-0.025487504441385898,0.04544439016689397
1.0,5.703932937975773,-9.970224853239017,-4.758551703725657,7.422858107999125,-8.976940979600451,-0.025493532323382202,0.04543527859118043
1.0,5.70409877831037,-9.970259646126019,-4.758430211420663,7.422950319817823,-8.97703523019105,-0.025493571440971332,0.04542748071493281
1.0,5.702899197672309,-9.970088569485888,-4.759352389062936,7.422335937939675,-8.976312176912124,-0.025492813468554622,0.045436472012301964
1.0,5.704254836662583,-9.970262868038397,-4.758317718529517,7.423004472202583,-8.977139002227934,-0.025488923638656555,0.045432096533676906
1.0,5.701732234915907,-9.969952221837733,-4.760275522321233,7.42170128851574,-8.975602611484865,-0.025493680555439324,0.04541641297060651
1.0,5.702735310756068,-9.97006443927281,-4.759501114754428,7.422201587153815,-8.976215489415868,-0.025494139409303514,0.0454214902201355
1.0,5.704194763630911,-9.970241570187287,-4.758377109925893,7.422922741179565,-8.977109633578493,-0.025494611293087617,0.04541885751617642
1.0,5.705429969712189,-9.97039829914427,-4.757435928296954,7.423526296246569,-8.977861841922147,-0.025496874541783045,0.04541186532993603
1.0,5.70686527533591,-9.970561934611407,-4.756322849301316,7.424249570857767,-8.97874412021325,-0.025489870761507313,0.04542807467532731
1.0,5.70541101539072,-9.970360386237015,-4.7574447184696735,7.423484131248866,-8.977871136875233,-0.02549107163321412,0.045429508956315964
1.0,5.705393325358859,-9.97037833696711,-4.757463962370385,7.423474921884984,-8.977853284532438,-0.025494854233904157,0.04540822267363264
1.0,5.707286420013381,-9.970620029275269,-4.756003024955948,7.4244420240700615,-8.97900440646838,-0.025491047169492517,0.04541226227406608
1.0,5.707268571091509,-9.970600467868243,-4.75600833627463,7.424427920105716,-8.979003672393905,-0.02548957851345835,0.045423419286106825
1.0,5.70812259865508,-9.970674689820825,-4.755345790206522,7.42483756179576,-8.979536875873338,-0.02549177662036985,0.04543535904703525
1.0,5.707651633383677,-9.970624415526922,-4.755719966086091,7.424585117474525,-8.97924750028826,-0.025495214187177494,0.04542166442661961
1.0,5.706947080327779,-9.970546181929283,-4.756270391029891,7.424201700709789,-8.978823017876746,-0.02549703953911397,0.04540623811999492
1.0,5.709279194127029,-9.970831524169606,-4.754475709772138,7.42536901086323,-8.980245366806372,-0.025497846687910632,0.04540565858199667
1.0,5.7104902442083425,-9.97098129102268,-4.7535402655212255,7.425991299449318,-8.980977882423836,-0.025501991985004774,0.04540770611770959
1.0,5.710506943983994,-9.971004814293657,-4.75353894679631,7.4259806095743865,-8.980984750109881,-0.025498307007732857,0.04538956481446167
1.0,5.709726465294069,-9.97088935839902,-4.754143546160312,7.4255665245583256,-8.980519669955596,-0.025498591796158668,0.045393641586650435
1.0,5.70958584921945,-9.970866224473014,-4.754256260004356,7.425486937709835,-8.980431444200265,-0.025503139323645126,0.045389976327759846
1.0,5.711548513324497,-9.971084641201445,-4.7527388176321415,7.4264733384461525,-8.98163402701914,-0.02550036950737033,0.0454094240973692
1.0,5.711150486867957,-9.971027983458251,-4.753051778935363,7.426254036861518,-8.981394559455588,-0.025500605860636814,0.045406346599261155
1.0,5.710969506113637,-9.970987484778954,-4.753186760059254,7.426167690639557,-8.981291272552378,-0.025506581221580664,0.04540992871344566
1.0,5.711690786069943,-9.971068572757408,-4.752632578611847,7.426524764533378,-8.98173168606945,-0.025507311808042332,0.045409181615020576
1.0,5.70997814866372,-9.970861622884474,-4.753967360723158,7.425631052931895,-8.980687577149437,-0.02550578952321625,0.04539461617365051
1.0,5.71057564235267,-9.970933671658859,-4.753510916182473,7.42592594254977,-8.981050676146097,-0.025500858088023576,0.045396351156071844
1.0,5.711840336880027,-9.971116531045167,-4.752544927080963,7.426565410675805,-8.98181065574022,-0.025495450123211284,0.04538051573491847
1.0,5.711180691093953,-9.971024359564494,-4.753051354089936,7.426232150362667,-8.981410141745647,-0.02549353225718248,0.045388301977389744
1.0,5.712799108645546,-9.971234117620453,-4.751806332944592,7.42705892615401,-8.982390851101034,-0.025498512386609395,0.04538030103230179
1.0,5.711776999022503,-9.971111540323319,-4.752594294450014,7.426541279077986,-8.981768896249308,-0.025497678350272304,0.04537708438110108
1.0,5.711854509888831,-9.971111666393812,-4.752536256098286,7.426568974229325,-8.981820738568095,-0.02549685810156109,0.0453803496454212
1.0,5.713719056590288,-9.971341869968446,-4.751099075954869,7.427511133251292,-8.982955743288418,-0.025497521220619553,0.04538500528520031
1.0,5.713653853984385,-9.971295253260102,-4.751139668484061,7.427469490771049,-8.982928626903849,-0.025499329967831108,0.04540044532205555
1.0,5.7124570344204635,-9.971151225254175,-4.7520742123475,7.426849051170325,-8.982199637905662,-0.025498062617954332,0.04538814330335839
1.0,5.711585590199251,-9.971065334310065,-4.752741935247787,7.426424453705329,-8.981660158367527,-0.02549969888648569,0.045375492374032
1.0,5.712676576917014,-9.971176939172961,-4.751901624308277,7.426948487968082,-8.982333914099488,-0.02549621050014304,0.045385795786150526
1.0,5.712447957909356,-9.971142544944927,-4.752081729421499,7.426817842654485,-8.982195008133779,-0.025502960332931594,0.045380629678627535
1.0,5.712580345739726,-9.971127289043652,-4.751976447765755,7.426873377306418,-8.982280969792905,-0.02550779277799916,0.04539152439347041
1.0,5.713548011532565,-9.971246564556148,-4.751238431332415,7.427349322696212,-8.982870920647848,-0.025507500727950622,0.045388152992401835
1.0,5.7115980313169015,-9.970976437272835,-4.752738344578238,7.426354699258186,-8.981690805007617,-0.025513736651307097,0.0453943591496077
1.0,5.712511260059717,-9.97107349291798,-4.752028230597438,7.426817604256005,-8.982253090085072,-0.025512523113530288,0.04540916946256826
1.0,5.711496774569542,-9.970931967847982,-4.752814562720036,7.426289001882585,-8.9816410617218,-0.025514371841656704,0.045406406201935416
1.0,5.709521680571845,-9.970683391506881,-4.7543516679527675,7.42525056797117,-8.980446086133211,-0.02551601026641064,0.04539190204883519
1.0,5.708761026527577,-9.970553175345033,-4.75493141491745,7.424851436205977,-8.979996481283198,-0.025516955042676596,0.04540722594912152
1.0,5.710770660202761,-9.970813917593803,-4.753380910579433,7.425870313438677,-8.981218440950565,-0.02551739704682209,0.04540475205931273
1.0,5.711063473206894,-9.970868262531413,-4.753168874785713,7.426004582904527,-8.98139487455347,-0.025519996579428612,0.045387325629549904
